node_id,node_label,category_name,catalog_rows,pdf_url_documents,distinct_exam_codes,distinct_exam_category_pairs,distinct_subject_names,year_min,year_max,top_exam_level
civil_service_core,公務人員高普初等與一般行政類,會計,286,618,34,49,26,100,115,高考三級
civil_service_core,公務人員高普初等與一般行政類,財稅行政,274,616,32,47,23,100,115,高考三級
civil_service_core,公務人員高普初等與一般行政類,人事行政,328,577,41,56,29,100,115,高考三級
civil_service_core,公務人員高普初等與一般行政類,一般行政,268,541,31,46,18,100,115,高考三級
civil_service_core,公務人員高普初等與一般行政類,電子工程,330,524,41,56,26,100,115,高考三級
civil_service_core,公務人員高普初等與一般行政類,金融保險,312,519,37,51,25,100,114,高考三級
civil_service_core,公務人員高普初等與一般行政類,社會行政,274,501,32,47,23,100,115,高考三級
civil_service_core,公務人員高普初等與一般行政類,勞工行政,270,475,31,46,24,100,115,高考三級
civil_service_core,公務人員高普初等與一般行政類,教育行政,272,463,31,46,19,100,115,高考三級
civil_service_core,公務人員高普初等與一般行政類,統計,268,455,31,46,19,100,115,高考三級
civil_service_core,公務人員高普初等與一般行政類,經建行政,268,455,31,46,18,100,115,高考三級
civil_service_core,公務人員高普初等與一般行政類,地政,274,425,32,47,27,100,115,高考三級
civil_service_core,公務人員高普初等與一般行政類,交通行政,272,421,31,46,25,100,115,高考三級
civil_service_core,公務人員高普初等與一般行政類,一般民政,212,411,17,32,17,100,115,高考三級
civil_service_core,公務人員高普初等與一般行政類,電力工程,308,411,29,50,22,100,114,高考三級
civil_service_core,公務人員高普初等與一般行政類,資訊處理,291,396,30,45,30,100,114,高考三級
civil_service_core,公務人員高普初等與一般行政類,土木工程,300,387,30,46,29,100,114,高考三級
civil_service_core,公務人員高普初等與一般行政類,農業技術,284,370,28,43,17,100,114,高考三級
civil_service_core,公務人員高普初等與一般行政類,戶政,204,363,17,31,25,100,115,高考三級
civil_service_core,公務人員高普初等與一般行政類,機械工程,279,363,26,44,24,100,114,高考三級
civil_service_core,公務人員高普初等與一般行政類,建築工程,270,355,26,41,25,100,114,高考三級
civil_service_core,公務人員高普初等與一般行政類,財經廉政,190,342,14,28,20,101,114,高考三級
civil_service_core,公務人員高普初等與一般行政類,衛生技術,257,337,24,42,30,100,114,高考三級
civil_service_core,公務人員高普初等與一般行政類,化學工程,238,328,20,37,25,100,114,高考三級
civil_service_core,公務人員高普初等與一般行政類,客家事務行政,187,326,15,27,13,100,114,高考三級
civil_service_core,公務人員高普初等與一般行政類,交通技術,245,325,22,37,26,100,114,高考三級
civil_service_core,公務人員高普初等與一般行政類,水利工程,242,321,21,36,21,100,114,高考三級
civil_service_core,公務人員高普初等與一般行政類,都市計畫技術,240,320,21,36,26,100,114,高考三級
civil_service_core,公務人員高普初等與一般行政類,法律廉政,190,313,14,28,18,101,114,高考三級
civil_service_core,公務人員高普初等與一般行政類,商業行政,161,310,13,23,14,100,113,高考三級
civil_service_core,公務人員高普初等與一般行政類,環保技術,222,300,18,33,17,100,114,高考三級
civil_service_core,公務人員高普初等與一般行政類,圖書資訊管理,160,297,30,32,16,100,115,普通考試
civil_service_core,公務人員高普初等與一般行政類,衛生行政,204,297,15,30,17,100,114,高考三級
civil_service_core,公務人員高普初等與一般行政類,測量製圖,216,293,17,32,27,100,114,高考三級
civil_service_core,公務人員高普初等與一般行政類,農業行政,200,291,15,29,13,100,114,高考三級
civil_service_core,公務人員高普初等與一般行政類,環境工程,216,290,18,32,20,100,114,高考三級
civil_service_core,公務人員高普初等與一般行政類,園藝,221,289,23,33,19,100,114,高考三級
civil_service_core,公務人員高普初等與一般行政類,養殖技術,219,287,24,33,20,100,114,高考三級
civil_service_core,公務人員高普初等與一般行政類,氣象,210,286,16,31,19,100,114,高考三級
civil_service_core,公務人員高普初等與一般行政類,環保行政,210,286,16,31,15,100,114,高考三級
civil_service_core,公務人員高普初等與一般行政類,環境檢驗,210,286,16,31,17,100,114,高考三級
civil_service_core,公務人員高普初等與一般行政類,法制,198,283,28,29,18,100,114,高考三級
civil_service_core,公務人員高普初等與一般行政類,電信工程,182,282,15,27,13,100,114,高考三級
civil_service_core,公務人員高普初等與一般行政類,林業技術,206,281,15,30,15,100,114,高考三級
civil_service_core,公務人員高普初等與一般行政類,水土保持工程,204,277,16,30,20,100,114,高考三級
civil_service_core,公務人員高普初等與一般行政類,文化行政,198,270,15,29,14,100,114,高考三級
civil_service_core,公務人員高普初等與一般行政類,景觀,198,270,15,29,13,100,114,高考三級
civil_service_core,公務人員高普初等與一般行政類,漁業技術,190,259,15,28,17,100,114,高考三級
civil_service_core,公務人員高普初等與一般行政類,工業工程,186,247,18,27,19,100,114,高考三級
civil_service_core,公務人員高普初等與一般行政類,自然保育,178,240,15,26,15,100,114,高考三級
civil_service_core,公務人員高普初等與一般行政類,食品衛生檢驗,175,238,15,25,15,100,114,高考三級
civil_service_core,公務人員高普初等與一般行政類,新聞(選試英文),172,233,15,24,14,100,114,高考三級
civil_service_core,公務人員高普初等與一般行政類,航運行政,166,225,12,24,14,103,114,高考三級
civil_service_core,公務人員高普初等與一般行政類,植物病蟲害防治,180,221,26,26,16,100,114,高考三級
civil_service_core,公務人員高普初等與一般行政類,輪機技術,162,221,12,24,13,103,114,高考三級
civil_service_core,公務人員高普初等與一般行政類,航空器維修,162,219,15,24,13,100,114,高考三級
civil_service_core,公務人員高普初等與一般行政類,航海技術,156,213,12,23,12,103,114,高考三級
civil_service_core,公務人員高普初等與一般行政類,公平交易管理,116,203,15,15,12,100,114,高考三級
civil_service_core,公務人員高普初等與一般行政類,輻射安全,152,194,21,21,16,100,114,高考三級
civil_service_core,公務人員高普初等與一般行政類,僑務行政(選試英文),112,181,12,16,17,101,113,高考三級
civil_service_core,公務人員高普初等與一般行政類,智慧財產行政,108,177,14,14,9,101,114,高考三級
civil_service_core,公務人員高普初等與一般行政類,檔案管理,130,175,14,18,23,100,114,高考三級
civil_service_core,公務人員高普初等與一般行政類,藥事,134,173,18,18,16,100,114,高考三級
civil_service_core,公務人員高普初等與一般行政類,體育行政,118,173,15,15,9,100,114,高考三級
civil_service_core,公務人員高普初等與一般行政類,農業機械,132,165,19,19,16,100,114,高考三級
civil_service_core,公務人員高普初等與一般行政類,畜牧技術,112,164,9,16,16,100,108,高考三級
civil_service_core,公務人員高普初等與一般行政類,醫學工程,116,158,17,17,17,100,114,高考三級
civil_service_core,公務人員高普初等與一般行政類,地質,120,156,16,16,17,100,114,高考三級
civil_service_core,公務人員高普初等與一般行政類,汽車工程,116,152,15,15,16,100,114,高考三級
civil_service_core,公務人員高普初等與一般行政類,觀光行政(選試觀光英語),116,152,15,15,9,100,114,高考三級
civil_service_core,公務人員高普初等與一般行政類,工業安全,108,146,9,15,12,100,108,高考三級
civil_service_core,公務人員高普初等與一般行政類,核子工程,116,146,16,16,14,100,111,高考三級
civil_service_core,公務人員高普初等與一般行政類,工業行政,106,144,11,15,18,101,114,高考三級
civil_service_core,公務人員高普初等與一般行政類,採礦工程,108,142,14,14,11,100,114,高考三級
civil_service_core,公務人員高普初等與一般行政類,史料編纂,112,137,16,16,15,100,114,高考三級
civil_service_core,公務人員高普初等與一般行政類,圖書資訊管理(選試英文),104,135,13,13,9,100,112,高考三級
civil_service_core,公務人員高普初等與一般行政類,財務審計,80,132,10,10,8,100,109,高考三級
civil_service_core,公務人員高普初等與一般行政類,廉政,56,126,14,14,7,102,115,初等考試
civil_service_core,公務人員高普初等與一般行政類,僑務行政(選試西班牙文),78,122,10,10,11,103,114,高考三級
civil_service_core,公務人員高普初等與一般行政類,航空駕駛(選試直昇機飛行原理),92,121,12,12,9,103,114,高考三級
civil_service_core,公務人員高普初等與一般行政類,績效審計,80,119,10,10,8,100,109,高考三級
civil_service_core,公務人員高普初等與一般行政類,動物技術,90,117,11,14,21,109,114,高考三級
civil_service_core,公務人員高普初等與一般行政類,消防技術,84,117,9,12,13,101,112,高考三級
civil_service_core,公務人員高普初等與一般行政類,天文,83,114,11,13,13,103,114,普通考試
civil_service_core,公務人員高普初等與一般行政類,公職社會工作師,66,110,15,15,6,100,114,高考三級
civil_service_core,公務人員高普初等與一般行政類,漁業行政,70,103,9,9,10,101,113,高考三級
civil_service_core,公務人員高普初等與一般行政類,視聽製作,78,103,9,10,12,100,111,高考三級
civil_service_core,公務人員高普初等與一般行政類,觀光行政,71,102,12,12,7,100,113,普通考試
civil_service_core,公務人員高普初等與一般行政類,技藝,70,101,12,12,7,101,114,普通考試
civil_service_core,公務人員高普初等與一般行政類,公職獸醫師,72,100,17,17,12,100,114,高考三級
civil_service_core,公務人員高普初等與一般行政類,觀光行政(選試觀光日語),76,99,10,10,9,101,114,高考三級
civil_service_core,公務人員高普初等與一般行政類,公職建築師,66,94,15,15,6,100,114,高考三級
civil_service_core,公務人員高普初等與一般行政類,地震測報,67,94,9,11,13,100,113,普通考試
civil_service_core,公務人員高普初等與一般行政類,醫務管理,64,94,8,8,8,100,108,高考三級
civil_service_core,公務人員高普初等與一般行政類,僑務行政(選試法文),60,92,8,8,17,103,114,高考三級
civil_service_core,公務人員高普初等與一般行政類,一般行政(兩岸組一),78,89,13,13,9,100,114,高考二級
civil_service_core,公務人員高普初等與一般行政類,職業安全衛生,65,87,6,10,26,109,114,高考三級
civil_service_core,公務人員高普初等與一般行政類,宗教行政,54,85,6,7,12,100,107,高考三級
civil_service_core,公務人員高普初等與一般行政類,僑務行政(選試德文),54,84,7,7,14,103,110,高考三級
civil_service_core,公務人員高普初等與一般行政類,水產利用,70,83,11,11,15,100,113,高考二級
civil_service_core,公務人員高普初等與一般行政類,水產技術,72,82,12,13,11,100,114,高考二級
civil_service_core,公務人員高普初等與一般行政類,食品衛生行政,72,82,12,12,9,100,114,高考二級
civil_service_core,公務人員高普初等與一般行政類,技藝(選試木竹器),62,81,8,8,11,100,114,高考三級
civil_service_core,公務人員高普初等與一般行政類,化學安全,60,80,8,8,13,107,114,高考三級
civil_service_core,公務人員高普初等與一般行政類,技藝(選試陶瓷),62,80,8,8,11,100,114,高考三級
civil_service_core,公務人員高普初等與一般行政類,生物技術,62,79,8,8,14,101,109,高考三級
civil_service_core,公務人員高普初等與一般行政類,博物館管理(選試英文),62,78,9,9,16,100,113,高考三級
civil_service_core,公務人員高普初等與一般行政類,土壤肥料,62,74,10,10,13,100,112,高考二級
civil_service_core,公務人員高普初等與一般行政類,工業設計,54,72,7,7,9,100,114,高考三級
civil_service_core,公務人員高普初等與一般行政類,海洋資源,52,71,7,7,12,100,108,高考三級
civil_service_core,公務人員高普初等與一般行政類,教育行政(一般組),54,63,9,9,8,103,111,高考二級
civil_service_core,公務人員高普初等與一般行政類,財稅法務,36,63,5,5,11,110,114,高考三級
civil_service_core,公務人員高普初等與一般行政類,結構工程,48,62,6,6,8,100,105,高考三級
civil_service_core,公務人員高普初等與一般行政類,農產加工,50,61,7,7,14,100,114,高考三級
civil_service_core,公務人員高普初等與一般行政類,國際文教行政(選試韓文),46,59,6,6,12,104,114,高考三級
civil_service_core,公務人員高普初等與一般行政類,海洋行政,36,58,5,5,10,110,114,高考三級
civil_service_core,公務人員高普初等與一般行政類,一般行政(一般組),48,56,8,8,7,100,111,高考二級
civil_service_core,公務人員高普初等與一般行政類,水產資源,48,55,8,8,7,104,114,高考二級
civil_service_core,公務人員高普初等與一般行政類,材料工程,40,52,5,5,8,107,111,高考三級
civil_service_core,公務人員高普初等與一般行政類,生物多樣性,44,52,7,7,14,100,114,高考二級
civil_service_core,公務人員高普初等與一般行政類,新聞（選試英文）,36,50,6,6,7,109,114,普通考試
civil_service_core,公務人員高普初等與一般行政類,國際文教行政(選試西班牙文),38,49,5,5,11,101,114,高考三級
civil_service_core,公務人員高普初等與一般行政類,技藝(選試染織),38,49,5,5,9,103,114,高考三級
civil_service_core,公務人員高普初等與一般行政類,國際文教行政(選試英文),38,48,5,5,12,101,114,高考三級
civil_service_core,公務人員高普初等與一般行政類,僑務行政(選試日文),30,47,4,4,10,108,114,高考三級
civil_service_core,公務人員高普初等與一般行政類,文化行政(一般組)(選試西班牙文),42,47,7,7,9,107,114,高考二級
civil_service_core,公務人員高普初等與一般行政類,新聞(選試日文),32,42,4,4,8,102,108,高考三級
civil_service_core,公務人員高普初等與一般行政類,文化行政(一般組)(選試法文),36,41,6,6,7,105,113,高考二級
civil_service_core,公務人員高普初等與一般行政類,衛生行政(一般組),36,41,6,6,9,101,113,高考二級
civil_service_core,公務人員高普初等與一般行政類,國際文教行政(選試日文),30,40,4,4,12,100,114,高考三級
civil_service_core,公務人員高普初等與一般行政類,國際經貿法律,30,40,4,4,11,101,106,高考三級
civil_service_core,公務人員高普初等與一般行政類,港灣工程,28,38,4,4,12,108,114,高考三級
civil_service_core,公務人員高普初等與一般行政類,企業管理,24,36,3,3,8,104,108,高考三級
civil_service_core,公務人員高普初等與一般行政類,經建行政(一般組),30,34,5,5,11,103,113,高考二級
civil_service_core,公務人員高普初等與一般行政類,僑務行政(選試印尼文),22,33,3,3,10,111,113,高考三級
civil_service_core,公務人員高普初等與一般行政類,消費者保護,16,33,2,2,8,100,103,高考三級
civil_service_core,公務人員高普初等與一般行政類,生藥中藥基原鑑定,24,32,3,3,8,105,108,高考三級
civil_service_core,公務人員高普初等與一般行政類,國際文教行政(選試法文),24,31,3,3,9,101,105,高考三級
civil_service_core,公務人員高普初等與一般行政類,航空駕駛,24,31,3,3,8,100,102,高考三級
civil_service_core,公務人員高普初等與一般行政類,海洋技術,22,29,3,3,9,110,113,高考三級
civil_service_core,公務人員高普初等與一般行政類,國防法務官,24,28,4,4,6,112,114,相當高考
civil_service_core,公務人員高普初等與一般行政類,教育行政(兩岸組),24,28,4,4,10,100,103,高考二級
civil_service_core,公務人員高普初等與一般行政類,經建行政(兩岸組一),24,28,4,4,8,100,103,高考二級
civil_service_core,公務人員高普初等與一般行政類,衛生行政(兩岸組),24,28,4,4,6,100,104,高考二級
civil_service_core,公務人員高普初等與一般行政類,財經政風,14,28,1,2,12,100,100,高考三級
civil_service_core,公務人員高普初等與一般行政類,文化行政(一般組)(選試德文),24,27,4,4,9,105,114,高考二級
civil_service_core,公務人員高普初等與一般行政類,文化行政(一般組)(選試義大利文),24,26,4,4,8,108,114,高考二級
civil_service_core,公務人員高普初等與一般行政類,新聞廣播(選試英文、國語與閩南語播音),18,26,3,3,6,105,108,普通考試
civil_service_core,公務人員高普初等與一般行政類,消防設備士,12,26,3,3,4,103,105,消防設備士普通考試
civil_service_core,公務人員高普初等與一般行政類,法律政風,14,25,1,2,12,100,100,高考三級
civil_service_core,公務人員高普初等與一般行政類,公職護理師,24,24,12,12,2,103,114,高考三級
civil_service_core,公務人員高普初等與一般行政類,公職醫事檢驗師,24,24,12,12,2,103,114,高考三級
civil_service_core,公務人員高普初等與一般行政類,專責報關人員,12,24,3,3,4,103,105,專責報關人員普通考試
civil_service_core,公務人員高普初等與一般行政類,僑務行政(選試緬甸文),14,22,2,2,9,112,113,高考三級
civil_service_core,公務人員高普初等與一般行政類,公職食品技師,22,22,11,11,2,103,114,高考三級
civil_service_core,公務人員高普初等與一般行政類,財產保險代理人,12,22,3,3,4,103,105,保險代理經紀公證人普通考試
civil_service_core,公務人員高普初等與一般行政類,財產保險經紀人,12,22,3,3,4,103,105,保險代理經紀公證人普通考試
civil_service_core,公務人員高普初等與一般行政類,僑務行政(選試越南文),14,21,2,2,10,111,113,高考三級
civil_service_core,公務人員高普初等與一般行政類,原子能,21,21,7,7,3,102,109,高考一級
civil_service_core,公務人員高普初等與一般行政類,國際文教行政(選試俄文),16,21,2,2,9,100,109,高考三級
civil_service_core,公務人員高普初等與一般行政類,國際文教行政(選試德文),16,21,2,2,9,102,112,高考三級
civil_service_core,公務人員高普初等與一般行政類,文化行政(兩岸組),18,21,3,3,6,100,102,高考二級
civil_service_core,公務人員高普初等與一般行政類,人身保險代理人,12,20,3,3,4,103,105,保險代理經紀公證人普通考試
civil_service_core,公務人員高普初等與一般行政類,人身保險經紀人,12,20,3,3,4,103,105,保險代理經紀公證人普通考試
civil_service_core,公務人員高普初等與一般行政類,公產管理,14,20,1,2,12,100,100,高考三級
civil_service_core,公務人員高普初等與一般行政類,公職藥師,20,20,10,10,2,103,114,高考三級
civil_service_core,公務人員高普初等與一般行政類,漁業行政(一般組),18,20,3,3,9,103,113,高考二級
civil_service_core,公務人員高普初等與一般行政類,政風,8,19,2,2,5,100,101,初等
civil_service_core,公務人員高普初等與一般行政類,海事保險公證人,12,19,3,3,4,103,105,保險代理經紀公證人普通考試
civil_service_core,公務人員高普初等與一般行政類,地政士,15,18,3,3,5,103,105,地政士普通考試
civil_service_core,公務人員高普初等與一般行政類,新聞廣播,12,17,2,2,7,103,104,普通考試
civil_service_core,公務人員高普初等與一般行政類,新聞廣播(選試日文、國語與閩南語播音),12,17,2,2,6,107,108,普通考試
civil_service_core,公務人員高普初等與一般行政類,新聞（選試日文）,12,17,2,2,6,109,111,普通考試
civil_service_core,公務人員高普初等與一般行政類,昆蟲,12,17,2,2,6,113,114,高考三級
civil_service_core,公務人員高普初等與一般行政類,植物病理,12,17,2,2,6,113,114,高考三級
civil_service_core,公務人員高普初等與一般行政類,資通安全,12,17,2,2,6,113,114,高考三級
civil_service_core,公務人員高普初等與一般行政類,一般保險公證人,12,16,3,3,4,103,105,保險代理經紀公證人普通考試
civil_service_core,公務人員高普初等與一般行政類,博物館管理,11,16,2,2,7,102,113,普通考試
civil_service_core,公務人員高普初等與一般行政類,一般行政(兩岸組二),12,14,2,2,6,101,108,高考二級
civil_service_core,公務人員高普初等與一般行政類,戶政(兩岸組),12,14,2,2,6,100,101,二級考試高考二級
civil_service_core,公務人員高普初等與一般行政類,文化行政(一般組),12,14,2,2,6,100,101,二級考試高考二級
civil_service_core,公務人員高普初等與一般行政類,文化行政(一般組)(選試俄文),12,14,2,2,6,107,109,高考二級
civil_service_core,公務人員高普初等與一般行政類,文化行政(一般組)(選試日文),12,14,2,2,6,108,110,高考二級
civil_service_core,公務人員高普初等與一般行政類,文化行政(一般組)(選試英文),12,14,2,2,8,105,111,高考二級
civil_service_core,公務人員高普初等與一般行政類,新聞(一般組),12,14,2,2,6,104,105,高考二級
civil_service_core,公務人員高普初等與一般行政類,農業行政(兩岸組),12,14,2,2,6,101,102,高考二級
civil_service_core,公務人員高普初等與一般行政類,僑務行政(選試泰文),8,12,1,1,8,112,112,高考三級
civil_service_core,公務人員高普初等與一般行政類,技職教育行政,8,12,1,1,8,104,104,高考三級
civil_service_core,公務人員高普初等與一般行政類,物理,12,12,4,4,3,102,107,高考一級
civil_service_core,公務人員高普初等與一般行政類,不動產經紀人,5,11,1,1,5,103,103,普通考試
civil_service_core,公務人員高普初等與一般行政類,商品檢驗,8,11,1,1,8,104,104,高考三級
civil_service_core,公務人員高普初等與一般行政類,圖書資訊管理（選試日文）,8,11,1,1,8,104,104,高考三級
civil_service_core,公務人員高普初等與一般行政類,農畜水產品檢驗,8,11,1,1,8,104,104,高考三級
civil_service_core,公務人員高普初等與一般行政類,技藝(選試絹印),8,10,1,1,8,101,101,高考三級
civil_service_core,公務人員高普初等與一般行政類,技藝(選試金屬),8,10,1,1,8,103,103,高考三級
civil_service_core,公務人員高普初等與一般行政類,航空駕駛(選試飛機飛行原理),8,10,1,1,8,103,103,高考三級
civil_service_core,公務人員高普初等與一般行政類,記帳士,5,9,1,1,5,103,103,普通考試
civil_service_core,公務人員高普初等與一般行政類,公職臨床心理師,8,8,4,4,2,103,112,高考三級
civil_service_core,公務人員高普初等與一般行政類,文化行政(選試德文)(一般組),6,7,1,1,6,103,103,高考二級
civil_service_core,公務人員高普初等與一般行政類,文化行政(選試日文)(一般組),6,7,1,1,6,104,104,高考二級
civil_service_core,公務人員高普初等與一般行政類,文化行政(選試法文)(一般組),6,7,1,1,6,104,104,高考二級
civil_service_core,公務人員高普初等與一般行政類,文化行政(選試英文)(一般組),6,7,1,1,6,103,103,高考二級
civil_service_core,公務人員高普初等與一般行政類,文化行政(選試西班牙文)(一般組),6,7,1,1,6,103,103,高考二級
civil_service_core,公務人員高普初等與一般行政類,新聞(兩岸組),6,7,1,1,6,101,101,二級考試高考二級
civil_service_core,公務人員高普初等與一般行政類,農村規劃,6,7,1,1,6,104,104,高考二級
civil_service_core,公務人員高普初等與一般行政類,公職土木工程技師,6,6,3,3,2,103,105,高考三級
civil_service_core,公務人員高普初等與一般行政類,公職營養師,6,6,3,3,2,103,106,高考三級
civil_service_core,公務人員高普初等與一般行政類,生物科技,6,6,2,2,3,102,105,高考一級
civil_service_core,公務人員高普初等與一般行政類,公職諮商心理師,4,4,2,2,3,104,111,高考三級
civil_service_core,公務人員高普初等與一般行政類,新聞,3,3,1,1,3,106,106,高考一級
civil_service_core,公務人員高普初等與一般行政類,公職測量技師,2,2,1,1,2,103,103,高考三級
civil_service_core,公務人員高普初等與一般行政類,公職防疫醫師,2,2,1,1,2,103,103,高考三級
civil_service_special,公務人員特種考試,一般行政,882,1673,50,161,34,100,115,三等
civil_service_special,公務人員特種考試,財稅行政,667,1360,44,112,29,100,115,三等
civil_service_special,公務人員特種考試,一般民政,560,1110,41,101,28,100,115,三等
civil_service_special,公務人員特種考試,人事行政,602,1043,47,99,40,100,113,三等
civil_service_special,公務人員特種考試,會計,514,1043,42,82,35,100,115,三等
civil_service_special,公務人員特種考試,機械工程,658,980,53,108,37,100,115,三等
civil_service_special,公務人員特種考試,電子工程,570,944,46,97,32,100,115,三等
civil_service_special,公務人員特種考試,社會行政,531,900,49,91,31,100,115,三等
civil_service_special,公務人員特種考試,地政,593,872,46,103,38,100,115,三等
civil_service_special,公務人員特種考試,教育行政,528,836,40,87,25,100,115,三等
civil_service_special,公務人員特種考試,經建行政,491,793,37,83,26,100,115,三等
civil_service_special,公務人員特種考試,電力工程,519,781,39,81,26,100,113,三等
civil_service_special,公務人員特種考試,土木工程,547,771,49,87,44,100,115,三等
civil_service_special,公務人員特種考試,資訊處理,490,740,36,76,25,100,115,三等
civil_service_special,公務人員特種考試,行政警察人員,338,706,13,52,39,101,113,一般警察三等考試
civil_service_special,公務人員特種考試,戶政,365,698,32,69,34,100,115,三等
civil_service_special,公務人員特種考試,原住民族行政,340,598,31,56,29,100,114,原住民族三等考試
civil_service_special,公務人員特種考試,消防警察人員,334,556,14,52,47,101,113,一般警察三等考試
civil_service_special,公務人員特種考試,勞工行政,314,522,28,49,25,100,115,三等
civil_service_special,公務人員特種考試,農業技術,375,503,31,57,20,100,115,三等
civil_service_special,公務人員特種考試,化學工程,294,442,27,46,19,100,113,三等
civil_service_special,公務人員特種考試,運輸營業,226,411,13,38,26,100,112,鐵路人員高員三級
civil_service_special,公務人員特種考試,測量製圖,284,377,25,43,35,100,113,三等
civil_service_special,公務人員特種考試,農業行政,260,374,24,38,18,100,113,三等
civil_service_special,公務人員特種考試,衛生行政,260,366,27,39,27,100,113,三等
civil_service_special,公務人員特種考試,衛生技術,269,362,24,41,25,100,113,三等
civil_service_special,公務人員特種考試,法律廉政,227,361,19,32,23,101,113,三等
civil_service_special,公務人員特種考試,交通行政,252,359,24,40,22,100,113,三等
civil_service_special,公務人員特種考試,建築工程,273,359,22,40,19,100,113,三等
civil_service_special,公務人員特種考試,水利工程,255,337,24,37,20,100,115,三等
civil_service_special,公務人員特種考試,圖書資訊管理,178,323,24,36,21,100,113,四等
civil_service_special,公務人員特種考試,林業技術,238,314,27,35,23,100,115,原住民族三等考試
civil_service_special,公務人員特種考試,統計,204,311,17,31,20,100,115,三等
civil_service_special,公務人員特種考試,錄事,141,308,39,39,7,100,115,原住民族五等考試
civil_service_special,公務人員特種考試,法院書記官,216,307,20,32,18,100,112,司法三等考試
civil_service_special,公務人員特種考試,事務管理,166,297,13,30,22,100,112,鐵路人員員級考試
civil_service_special,公務人員特種考試,警察法制人員,182,292,13,26,23,101,113,一般警察三等考試
civil_service_special,公務人員特種考試,行政管理人員,182,291,13,26,22,101,113,一般警察三等考試
civil_service_special,公務人員特種考試,犯罪防治人員預防組,182,290,13,26,22,101,113,一般警察三等考試
civil_service_special,公務人員特種考試,環保行政,212,282,17,32,15,100,113,三等
civil_service_special,公務人員特種考試,文化行政,206,275,17,30,20,100,113,三等
civil_service_special,公務人員特種考試,商業行政,147,271,12,21,14,100,113,三等
civil_service_special,公務人員特種考試,材料管理,160,269,13,29,22,100,112,鐵路人員員級考試
civil_service_special,公務人員特種考試,法制,164,267,22,22,14,100,115,三等
civil_service_special,公務人員特種考試,都市計畫技術,203,267,16,29,20,100,113,三等
civil_service_special,公務人員特種考試,財經廉政,151,263,14,21,20,101,113,三等
civil_service_special,公務人員特種考試,環保技術,196,259,15,29,16,100,113,三等
civil_service_special,公務人員特種考試,警察資訊管理人員,168,259,13,24,22,101,113,一般警察三等考試
civil_service_special,公務人員特種考試,水上警察人員航海組,138,243,13,23,22,101,113,一般警察四等考試
civil_service_special,公務人員特種考試,水上警察人員輪機組,138,243,13,23,24,101,113,一般警察四等考試
civil_service_special,公務人員特種考試,移民行政,144,243,13,24,27,101,113,移民四等考試
civil_service_special,公務人員特種考試,電機工程,151,239,13,25,10,100,112,關務特考三等考試
civil_service_special,公務人員特種考試,交通技術,180,238,13,26,16,100,113,三等
civil_service_special,公務人員特種考試,紡織工程,144,229,13,24,10,100,112,關務特考三等考試
civil_service_special,公務人員特種考試,社會工作,149,228,23,23,18,100,113,四等
civil_service_special,公務人員特種考試,司法官,137,226,28,28,19,100,114,三等考試
civil_service_special,公務人員特種考試,新聞(選試英文),167,220,13,24,17,100,113,三等
civil_service_special,公務人員特種考試,水土保持工程,167,220,13,24,17,100,113,三等
civil_service_special,公務人員特種考試,環境工程,161,213,13,23,16,100,113,三等
civil_service_special,公務人員特種考試,庭務員,95,212,26,26,10,100,115,司法五等考試
civil_service_special,公務人員特種考試,園藝,156,208,15,23,15,100,113,三等
civil_service_special,公務人員特種考試,關稅會計,129,203,13,21,10,100,112,關務特考三等考試
civil_service_special,公務人員特種考試,景觀,146,193,12,21,13,100,113,三等
civil_service_special,公務人員特種考試,刑事警察人員,91,188,13,13,14,101,113,警察人員考試三等考試
civil_service_special,公務人員特種考試,外交領事人員西班牙文組,94,185,14,14,17,100,113,外交領事人員三等考試
civil_service_special,公務人員特種考試,漁業技術,131,174,13,19,18,100,113,三等
civil_service_special,公務人員特種考試,財經實務組,119,173,15,21,19,100,114,調查三等考試
civil_service_special,公務人員特種考試,外交領事人員日文組,87,171,13,13,16,100,113,外交領事人員三等考試
civil_service_special,公務人員特種考試,外交領事人員法文組,87,171,13,13,17,100,113,外交領事人員三等考試
civil_service_special,公務人員特種考試,外交領事人員德文組,87,170,13,13,16,100,113,外交領事人員三等考試
civil_service_special,公務人員特種考試,船舶駕駛,94,168,13,19,13,100,115,關務特考三等考試
civil_service_special,公務人員特種考試,法警,107,167,18,18,11,100,113,原住民族四等考試
civil_service_special,公務人員特種考試,環境檢驗,125,165,11,18,13,100,113,三等
civil_service_special,公務人員特種考試,水上警察人員,98,164,14,14,15,101,113,警察人員考試三等考試
civil_service_special,公務人員特種考試,執達員,108,163,18,18,10,100,112,司法四等考試
civil_service_special,公務人員特種考試,機檢工程,78,161,12,17,13,100,111,鐵路人員佐級考試
civil_service_special,公務人員特種考試,交通警察人員交通組,91,158,13,13,16,101,113,警察人員考試三等考試
civil_service_special,公務人員特種考試,公共安全人員,91,158,13,13,14,101,113,警察人員考試三等考試
civil_service_special,公務人員特種考試,國境警察人員,91,158,13,13,14,101,113,警察人員考試三等考試
civil_service_special,公務人員特種考試,外交領事人員阿拉伯文組,80,157,12,12,17,100,113,外交領事人員三等考試
civil_service_special,公務人員特種考試,移民行政(選試印尼文）,70,155,10,10,11,101,110,移民三等三等考試
civil_service_special,公務人員特種考試,移民行政(選試日文）,70,155,10,10,11,101,110,移民三等三等考試
civil_service_special,公務人員特種考試,移民行政(選試泰文）,70,155,10,10,11,101,110,移民三等三等考試
civil_service_special,公務人員特種考試,移民行政(選試英文）,70,155,10,10,11,101,110,移民三等三等考試
civil_service_special,公務人員特種考試,移民行政(選試越南文）,70,155,10,10,11,101,110,移民三等三等考試
civil_service_special,公務人員特種考試,資訊科學組,109,155,15,19,20,100,114,調查三等考試
civil_service_special,公務人員特種考試,刑事鑑識人員,91,153,13,13,12,101,113,警察人員考試三等考試
civil_service_special,公務人員特種考試,海洋巡護科輪機組,97,149,11,15,18,102,114,海巡三等考試
civil_service_special,公務人員特種考試,資訊組(選試英文),96,149,16,16,12,100,115,國家安全情報人員考試三等考試
civil_service_special,公務人員特種考試,一般行政類科,76,147,5,15,23,112,114,三等
civil_service_special,公務人員特種考試,養殖技術,109,146,11,16,13,101,113,三等
civil_service_special,公務人員特種考試,移民行政(選試俄文）,63,141,9,9,10,101,110,移民三等三等考試
civil_service_special,公務人員特種考試,移民行政(選試葡萄牙文）,63,141,9,9,10,101,110,移民三等三等考試
civil_service_special,公務人員特種考試,電子科學組,99,139,15,17,18,100,114,調查三等考試
civil_service_special,公務人員特種考試,政經組(選試英文),90,138,15,15,12,100,115,國家安全情報人員考試三等考試
civil_service_special,公務人員特種考試,體育行政,93,137,12,12,9,100,111,三等
civil_service_special,公務人員特種考試,電子組(選試英文),78,136,13,13,9,100,115,國家安全情報人員考試三等考試
civil_service_special,公務人員特種考試,輻射安全技術工程,91,135,13,13,9,100,112,關務特考三等考試
civil_service_special,公務人員特種考試,關稅法務,91,135,13,13,8,100,112,關務特考三等考試
civil_service_special,公務人員特種考試,電信工程,91,135,11,14,18,100,113,四等
civil_service_special,公務人員特種考試,檢察事務官偵查實務組,104,134,13,13,13,100,112,司法三等考試
civil_service_special,公務人員特種考試,檢察事務官營繕工程組,104,134,13,13,11,100,112,司法三等考試
civil_service_special,公務人員特種考試,檢察事務官財經實務組,104,134,13,13,11,100,112,司法三等考試
civil_service_special,公務人員特種考試,檢察事務官電子資訊組,104,134,13,13,12,100,112,司法三等考試
civil_service_special,公務人員特種考試,外交領事人員英文組,67,131,10,10,12,100,109,外交領事人員三等考試
civil_service_special,公務人員特種考試,外事警察人員(選試英語),78,130,9,13,17,101,113,警察人員考試三等考試
civil_service_special,公務人員特種考試,養路工程,52,130,13,13,6,100,112,鐵路人員佐級考試
civil_service_special,公務人員特種考試,飛航管制,84,128,14,14,11,100,113,民航人員三等考試
civil_service_special,公務人員特種考試,關稅統計,81,127,9,13,9,100,111,關務特考三等考試
civil_service_special,公務人員特種考試,藥事,84,125,12,12,8,100,112,關務特考三等考試
civil_service_special,公務人員特種考試,化學鑑識組,90,124,15,15,10,100,114,調查三等考試
civil_service_special,公務人員特種考試,法律實務組,90,124,15,15,10,100,114,調查三等考試
civil_service_special,公務人員特種考試,營繕工程組,90,124,15,15,11,100,114,調查三等考試
civil_service_special,公務人員特種考試,監獄官(女),96,124,12,12,15,100,111,司法三等考試
civil_service_special,公務人員特種考試,監獄官(男),96,124,12,12,15,100,111,司法三等考試
civil_service_special,公務人員特種考試,移民行政(選試德文）,56,124,8,8,10,101,108,移民三等三等考試
civil_service_special,公務人員特種考試,移民行政(選試法文）,56,124,8,8,10,101,108,移民三等三等考試
civil_service_special,公務人員特種考試,移民行政(選試西班牙文）,56,124,8,8,10,101,108,移民三等三等考試
civil_service_special,公務人員特種考試,移民行政(選試韓文）,56,124,8,8,10,101,108,移民三等三等考試
civil_service_special,公務人員特種考試,醫學鑑識組,90,124,15,15,10,100,114,調查三等考試
civil_service_special,公務人員特種考試,調查工作組(選試英文),78,123,13,13,12,100,114,調查三等考試
civil_service_special,公務人員特種考試,執行員,78,122,13,13,9,100,112,司法四等考試
civil_service_special,公務人員特種考試,情報組(選試英文),78,122,13,13,13,103,115,國家安全情報人員考試三等考試
civil_service_special,公務人員特種考試,外交行政人員行政組,60,121,10,10,7,103,112,外交行政人員四等考試
civil_service_special,公務人員特種考試,國際組(選試英文),78,120,13,13,11,100,115,國家安全情報人員考試三等考試
civil_service_special,公務人員特種考試,監所管理員(女),72,120,12,12,8,100,111,司法四等考試
civil_service_special,公務人員特種考試,監所管理員(男),72,120,12,12,8,100,111,司法四等考試
civil_service_special,公務人員特種考試,觀光行政(選試觀光英語),93,120,12,12,11,100,113,三等
civil_service_special,公務人員特種考試,航務管理,78,119,13,13,11,100,113,民航人員三等考試
civil_service_special,公務人員特種考試,司法官及律師,48,114,12,12,4,103,114,司法官特考三等考試
civil_service_special,公務人員特種考試,海巡行政,73,114,11,11,15,100,112,海巡三等考試
civil_service_special,公務人員特種考試,輪機工程,64,114,11,13,13,101,115,關務人員考試關務五等
civil_service_special,公務人員特種考試,公職獸醫師,77,113,16,16,9,100,113,三等
civil_service_special,公務人員特種考試,客家事務行政,65,113,7,10,13,100,113,四等
civil_service_special,公務人員特種考試,財稅行政類科,56,113,4,11,20,112,114,三等
civil_service_special,公務人員特種考試,工業工程,86,112,11,11,9,100,113,三等
civil_service_special,公務人員特種考試,外交領事人員俄文組,54,111,8,8,15,102,113,外交領事人員三等考試
civil_service_special,公務人員特種考試,公職社會工作師,64,110,13,14,6,100,113,三等
civil_service_special,公務人員特種考試,外交領事人員葡萄牙文組,54,110,8,8,15,102,113,外交領事人員三等考試
civil_service_special,公務人員特種考試,外交領事人員韓文組,54,110,8,8,14,102,113,外交領事人員三等考試
civil_service_special,公務人員特種考試,金融保險,65,108,8,10,12,101,113,身心障礙人員考試身障三等
civil_service_special,公務人員特種考試,行政警察人員類別,52,107,2,8,22,114,115,警察人員考試三等考試
civil_service_special,公務人員特種考試,工業安全,80,104,8,11,12,100,108,三等
civil_service_special,公務人員特種考試,圖書資訊管理(選試英文),80,103,10,10,9,100,111,三等
civil_service_special,公務人員特種考試,行政執行官,80,103,10,10,13,100,112,司法三等考試
civil_service_special,公務人員特種考試,公證人,80,102,10,10,11,100,112,司法三等考試
civil_service_special,公務人員特種考試,場站調車,40,99,10,10,7,103,112,鐵路人員佐級考試
civil_service_special,公務人員特種考試,畜牧技術,74,99,8,10,15,100,108,三等
civil_service_special,公務人員特種考試,外交領事人員土耳其文組,48,98,7,7,9,104,113,外交領事人員三等考試
civil_service_special,公務人員特種考試,家政,73,97,9,11,13,100,112,原住民族三等考試
civil_service_special,公務人員特種考試,經建行政類科,61,96,4,12,20,112,114,三等
civil_service_special,公務人員特種考試,觀護人（選試少年事件處理法）,72,94,9,9,10,102,112,司法三等考試
civil_service_special,公務人員特種考試,一般民政類科,46,93,4,9,21,112,114,三等
civil_service_special,公務人員特種考試,人事行政類科,51,93,4,9,22,112,114,三等
civil_service_special,公務人員特種考試,數理組(選試英文),60,93,10,10,9,100,115,國安三等三等考試
civil_service_special,公務人員特種考試,觀護人（選試社會工作概論）,72,93,9,9,9,102,112,司法三等考試
civil_service_special,公務人員特種考試,外交領事人員義大利文組,47,92,7,7,15,100,113,外交領事人員三等考試
civil_service_special,公務人員特種考試,會計類科,45,91,4,8,22,112,114,三等
civil_service_special,公務人員特種考試,交通警察人員,42,88,7,7,12,107,113,警察人員考試四等考試
civil_service_special,公務人員特種考試,社會行政類科,50,86,5,9,22,112,114,三等
civil_service_special,公務人員特種考試,交通警察人員電訊組,49,85,7,7,11,101,111,警察人員考試三等考試
civil_service_special,公務人員特種考試,外交行政人員資訊組,42,85,7,7,6,103,109,外交行政人員四等考試
civil_service_special,公務人員特種考試,消防警察人員類別,50,84,2,8,20,114,115,警察人員考試三等考試
civil_service_special,公務人員特種考試,調查工作組(選試西班牙文),60,84,10,10,10,103,114,調查三等考試
civil_service_special,公務人員特種考試,公職建築師,57,83,12,12,6,100,113,三等
civil_service_special,公務人員特種考試,調查工作組(選試韓文),60,83,10,10,12,100,114,調查三等考試
civil_service_special,公務人員特種考試,勞工行政類科,50,82,4,9,20,112,114,三等
civil_service_special,公務人員特種考試,司法事務官法律事務組,64,82,8,8,11,105,112,司法三等考試
civil_service_special,公務人員特種考試,航空通信,54,82,9,9,11,100,113,民航人員三等考試
civil_service_special,公務人員特種考試,財經政風,48,82,4,7,17,100,102,員級考試
civil_service_special,公務人員特種考試,食品衛生檢驗,62,81,9,9,14,100,113,三等
civil_service_special,公務人員特種考試,財稅行政(南區錄取分發區),36,78,3,6,10,104,108,稅務人員三等考試
civil_service_special,公務人員特種考試,財稅行政(臺北錄取分發區),36,78,3,6,10,104,108,稅務人員三等考試
civil_service_special,公務人員特種考試,教育行政類科,50,76,4,9,22,112,114,地方政府公務人員三等
civil_service_special,公務人員特種考試,衛生檢驗,58,76,7,8,12,101,108,三等
civil_service_special,公務人員特種考試,廉政,33,75,9,9,9,101,115,五等
civil_service_special,公務人員特種考試,調查工作組(選試阿拉伯文),54,74,9,9,12,101,114,調查三等考試
civil_service_special,公務人員特種考試,國際經濟商務人員英文組,53,73,9,9,9,100,113,國際經濟商務人員三等考試
civil_service_special,公務人員特種考試,外事警察人員（選試英語）,42,73,4,7,14,106,109,警察三等考試
civil_service_special,公務人員特種考試,公職法醫師,50,72,10,10,8,100,112,司法三等考試
civil_service_special,公務人員特種考試,電腦打字,42,72,14,14,5,100,115,身心障礙人員考試身障五等
civil_service_special,公務人員特種考試,職業安全衛生,53,71,4,8,18,109,113,三等
civil_service_special,公務人員特種考試,刑事警察人員數位鑑識組,60,70,10,10,11,100,110,一般警察二等考試
civil_service_special,公務人員特種考試,法警(女),42,70,7,7,8,105,111,司法四等考試
civil_service_special,公務人員特種考試,法警(男),42,70,7,7,8,105,111,司法四等考試
civil_service_special,公務人員特種考試,財稅行政(中區錄取分發區),31,68,3,5,10,104,108,稅務人員三等考試
civil_service_special,公務人員特種考試,土木工程類科,52,67,4,9,28,112,114,地方政府公務人員三等
civil_service_special,公務人員特種考試,法律政風,44,67,4,6,15,100,101,高員三級
civil_service_special,公務人員特種考試,海洋巡護科航海組,45,67,4,7,13,106,114,海巡三等考試
civil_service_special,公務人員特種考試,調查工作組(選試日文),48,67,8,8,12,100,114,調查三等考試
civil_service_special,公務人員特種考試,調查工作組(選試法文),48,67,8,8,10,103,114,調查三等考試
civil_service_special,公務人員特種考試,財稅行政(北區錄取分發區),31,67,3,5,10,104,108,稅務人員三等考試
civil_service_special,公務人員特種考試,調查工作組(選試德文),48,66,8,8,12,101,114,調查三等考試
civil_service_special,公務人員特種考試,國際組(選試日文),48,65,8,8,12,100,112,國家安全情報人員考試三等考試
civil_service_special,公務人員特種考試,國際經濟商務人員西班牙文組,48,64,8,8,11,100,112,國際經濟商務人員三等考試
civil_service_special,公務人員特種考試,行政組,28,64,7,7,5,100,114,國家安全情報人員考試五等考試
civil_service_special,公務人員特種考試,資訊組,28,63,7,7,5,100,114,國家安全情報人員考試五等考試
civil_service_special,公務人員特種考試,地政類科,44,62,3,8,24,112,114,三等
civil_service_special,公務人員特種考試,心理測驗員,48,62,6,6,9,101,110,司法三等考試
civil_service_special,公務人員特種考試,適航檢查,42,61,6,6,10,108,113,民航人員考試三等考試
civil_service_special,公務人員特種考試,外交領事人員國際法組,41,60,6,6,10,108,113,外交領事人員三等考試
civil_service_special,公務人員特種考試,外交領事人員越南文組,28,60,4,4,8,106,109,外交領事人員三等考試
civil_service_special,公務人員特種考試,戶政類科,33,60,3,6,17,112,114,三等
civil_service_special,公務人員特種考試,外交領事人員印尼文組,28,59,4,4,8,106,109,外交領事人員三等考試
civil_service_special,公務人員特種考試,調查工作組,39,58,8,8,10,101,109,調查四等四等考試
civil_service_special,公務人員特種考試,動物技術,39,57,3,6,14,109,113,三等
civil_service_special,公務人員特種考試,天文,42,57,4,6,12,102,108,三等
civil_service_special,公務人員特種考試,外交領事人員英文組一,27,56,4,4,10,110,113,外交人員考試三等考試
civil_service_special,公務人員特種考試,飛航諮詢,36,55,6,6,9,100,113,民航人員三等考試
civil_service_special,公務人員特種考試,電子工程類科,35,54,3,6,18,112,114,三等
civil_service_special,公務人員特種考試,家事調查官,40,53,5,5,8,102,107,司法三等三等考試
civil_service_special,公務人員特種考試,一般行政(轉任退輔會),40,52,7,14,5,106,112,國軍上校以上軍官轉任少將轉任
civil_service_special,公務人員特種考試,工業行政,40,52,5,5,8,100,105,三等
civil_service_special,公務人員特種考試,心理輔導員,40,52,5,5,10,101,112,司法三等考試
civil_service_special,公務人員特種考試,法律廉政類科,31,52,3,5,17,112,114,三等
civil_service_special,公務人員特種考試,財稅行政(臺灣省北區),24,52,2,4,10,100,102,稅務特考三等考試
civil_service_special,公務人員特種考試,財稅行政(臺灣省南區),24,52,2,4,10,100,102,稅務特考三等考試
civil_service_special,公務人員特種考試,財稅行政(高雄市),24,52,2,4,10,100,102,稅務特考三等考試
civil_service_special,公務人員特種考試,原住民族行政類科,30,51,3,5,15,112,114,三等
civil_service_special,公務人員特種考試,外交領事人員英文組二,27,51,4,4,10,110,113,外交人員考試三等考試
civil_service_special,公務人員特種考試,機械工程類科,39,51,4,7,17,112,114,三等
civil_service_special,公務人員特種考試,衛生行政類科,37,51,4,6,18,112,114,三等
civil_service_special,公務人員特種考試,飛航檢查,35,51,5,5,9,108,113,民航人員三等考試
civil_service_special,公務人員特種考試,交通行政類科,39,50,3,7,16,112,114,三等
civil_service_special,公務人員特種考試,土木工程(一般錄取分發區),37,50,5,6,12,100,105,四等考試
civil_service_special,公務人員特種考試,衛生技術類科,39,50,3,7,15,112,114,三等
civil_service_special,公務人員特種考試,觀光行政,36,50,6,6,7,100,106,四等
civil_service_special,公務人員特種考試,司法官及律師（選試勞動社會法）,49,49,7,7,7,108,114,三等考試
civil_service_special,公務人員特種考試,司法官及律師（選試智慧財產法）,49,49,7,7,7,108,114,三等考試
civil_service_special,公務人員特種考試,司法官及律師（選試海商法與海洋法）,49,49,7,7,7,108,114,三等考試
civil_service_special,公務人員特種考試,司法官及律師（選試財稅法）,49,49,7,7,7,108,114,三等考試
civil_service_special,公務人員特種考試,國際經濟商務人員德文組,36,48,6,6,11,100,112,國際經濟商務人員考試三等考試
civil_service_special,公務人員特種考試,國際經濟商務人員日文組,36,48,6,6,9,101,111,國際經濟商務人員三等考試
civil_service_special,公務人員特種考試,新聞(選試日文),37,48,4,5,14,104,113,三等
civil_service_special,公務人員特種考試,資訊處理類科,34,47,3,6,14,112,114,三等
civil_service_special,公務人員特種考試,農業技術類科,36,47,4,6,15,112,114,三等
civil_service_special,公務人員特種考試,農業行政類科,32,47,3,5,14,112,114,三等
civil_service_special,公務人員特種考試,鑑識人員,35,47,5,5,8,100,112,司法三等三等考試
civil_service_special,公務人員特種考試,新聞(選試英文)類科,36,46,2,6,15,112,114,三等
civil_service_special,公務人員特種考試,林業技術類科,35,46,4,6,17,112,114,三等
civil_service_special,公務人員特種考試,外事警察人員(選試日語),30,45,3,5,14,101,105,特種考試警察人員考試三等考試
civil_service_special,公務人員特種考試,國際經濟商務人員國際經貿法律組,30,44,5,5,15,100,112,國際經濟商務人員考試三等考試
civil_service_special,公務人員特種考試,犯罪防治人員類別預防組,28,44,2,4,13,114,115,警察人員考試三等考試
civil_service_special,公務人員特種考試,環保行政類科,34,44,2,6,13,112,114,三等
civil_service_special,公務人員特種考試,行政管理人員類別,28,44,2,4,13,114,115,警察人員考試三等考試
civil_service_special,公務人員特種考試,警察法制人員類別,28,44,2,4,13,114,115,警察人員考試三等考試
civil_service_special,公務人員特種考試,刑事警察人員犯罪分析組,36,42,6,6,11,100,108,一般警察二等考試
civil_service_special,公務人員特種考試,刑事警察人員電子監察組,36,42,6,6,7,100,105,一般警察二等考試
civil_service_special,公務人員特種考試,國際組(選試西班牙文),30,42,5,5,9,101,108,國安三等三等考試
civil_service_special,公務人員特種考試,水上警察人員類別航海組,24,42,2,4,10,114,115,警察人員考試四等考試
civil_service_special,公務人員特種考試,水上警察人員類別輪機組,24,42,2,4,11,114,115,警察人員考試四等考試
civil_service_special,公務人員特種考試,調查工作組(選試俄文),30,42,5,5,10,108,114,調查三等考試
civil_service_special,公務人員特種考試,警察資訊管理人員類別,28,42,2,4,13,114,115,警察人員考試三等考試
civil_service_special,公務人員特種考試,財稅行政(臺北市),19,42,2,3,10,100,102,稅務特考三等考試
civil_service_special,公務人員特種考試,財稅行政(臺灣省中區),19,42,2,3,10,100,102,稅務特考三等考試
civil_service_special,公務人員特種考試,財稅行政(高雄錄取分發區),19,42,2,3,10,104,106,稅務人員三等考試
civil_service_special,公務人員特種考試,博物館管理(選試英文),32,41,4,4,9,101,108,三等
civil_service_special,公務人員特種考試,司法事務官財經事務組,32,41,4,4,12,108,112,司法三等考試
civil_service_special,公務人員特種考試,水利工程類科,31,40,3,5,16,112,114,三等
civil_service_special,公務人員特種考試,測量製圖類科,30,40,3,5,21,112,114,三等
civil_service_special,公務人員特種考試,文化行政類科,30,39,2,5,14,112,114,三等
civil_service_special,公務人員特種考試,建築工程類科,29,38,2,5,15,112,114,三等
civil_service_special,公務人員特種考試,海洋資源,30,38,4,4,12,100,107,三等
civil_service_special,公務人員特種考試,資訊處理(選試英文),23,38,2,4,9,113,115,關務人員考試關務三等
civil_service_special,公務人員特種考試,移民行政類科,23,37,2,4,16,114,115,移民行政人員考試二等考試
civil_service_special,公務人員特種考試,電子組,16,37,4,4,5,100,112,國家安全情報人員考試五等考試
civil_service_special,公務人員特種考試,一般行政(退輔會),27,36,4,9,5,100,105,少將轉任
civil_service_special,公務人員特種考試,化學工程(選試英文),23,36,2,4,9,113,115,關務人員考試關務三等
civil_service_special,公務人員特種考試,外交行政人員,24,36,4,4,8,101,112,原住民族考試四等考試
civil_service_special,公務人員特種考試,機械工程(選試英文),23,36,2,4,9,113,115,關務人員考試關務三等
civil_service_special,公務人員特種考試,紡織工程(選試英文),23,36,2,4,9,113,115,關務人員考試關務三等
civil_service_special,公務人員特種考試,電機工程(選試英文),23,36,2,4,9,113,115,關務人員考試關務三等
civil_service_special,公務人員特種考試,動物技術類科,25,35,2,4,13,112,114,三等
civil_service_special,公務人員特種考試,社會工作類科,23,35,4,4,15,112,114,原住民族考試三等考試
civil_service_special,公務人員特種考試,社會組,16,35,4,4,5,100,114,國家安全情報人員考試五等考試
civil_service_special,公務人員特種考試,車輛調度,12,35,3,3,4,100,102,佐級考試
civil_service_special,公務人員特種考試,電力工程類科,26,35,2,4,12,112,114,三等
civil_service_special,公務人員特種考試,交通技術類科,26,34,2,4,13,112,114,三等
civil_service_special,公務人員特種考試,化學工程類科,25,34,2,4,16,112,114,三等
civil_service_special,公務人員特種考試,土木工程(蘭嶼錄取分發區),25,34,3,4,12,100,103,四等考試
civil_service_special,公務人員特種考試,財稅法務(臺北錄取分發區),21,34,3,3,7,104,108,稅務人員三等考試
civil_service_special,公務人員特種考試,財經廉政類科,19,34,2,3,12,112,114,三等
civil_service_special,公務人員特種考試,國際組(選試法文),24,33,4,4,9,100,107,國安三等三等考試
civil_service_special,公務人員特種考試,國際組(選試韓文),24,33,4,4,9,102,107,國安三等三等考試
civil_service_special,公務人員特種考試,客家事務行政類科,19,33,2,3,12,112,114,三等
civil_service_special,公務人員特種考試,景觀類科,25,33,2,4,12,112,114,三等
civil_service_special,公務人員特種考試,水土保持工程類科,25,33,2,4,16,112,114,三等
civil_service_special,公務人員特種考試,環保技術類科,25,33,2,4,12,112,114,三等
civil_service_special,公務人員特種考試,環境工程類科,25,33,2,4,15,112,114,三等
civil_service_special,公務人員特種考試,職業安全衛生類科,25,33,2,4,14,112,114,三等
civil_service_special,公務人員特種考試,調查工作組(選試土耳其文),24,33,4,4,7,102,114,調查三等考試
civil_service_special,公務人員特種考試,都市計畫技術類科,25,33,2,4,17,112,114,三等
civil_service_special,公務人員特種考試,養殖技術類科,25,33,2,4,12,112,114,三等
civil_service_special,公務人員特種考試,國際經濟商務人員法文組,24,32,4,4,8,100,109,國際經濟商務人員三等考試
civil_service_special,公務人員特種考試,國際經濟商務人員阿拉伯文組,24,32,4,4,8,100,109,國際經濟商務人員三等考試
civil_service_special,公務人員特種考試,法警類科,17,32,3,3,9,113,114,司法四等考試
civil_service_special,公務人員特種考試,移民行政(選試印尼文),14,32,2,2,8,111,113,移民行政人員考試三等考試
civil_service_special,公務人員特種考試,移民行政(選試日文),14,32,2,2,8,111,113,移民行政人員考試三等考試
civil_service_special,公務人員特種考試,移民行政(選試泰文),14,32,2,2,8,111,113,移民行政人員考試三等考試
civil_service_special,公務人員特種考試,移民行政(選試英文),14,32,2,2,8,111,113,移民行政人員考試三等考試
civil_service_special,公務人員特種考試,移民行政(選試越南文),14,32,2,2,8,111,113,移民行政人員考試三等考試
civil_service_special,公務人員特種考試,警察特考_行政警察人員,13,32,1,2,11,100,100,三等考試
civil_service_special,公務人員特種考試,圖書資訊管理類科,22,31,3,4,11,112,114,地方政府公務人員三等
civil_service_special,公務人員特種考試,錄事類科,15,31,4,4,5,113,114,原住民族考試五等考試
civil_service_special,公務人員特種考試,刑事警察人員類別,14,30,2,2,7,114,115,警察人員考試三等考試
civil_service_special,公務人員特種考試,統計類科,19,28,2,3,12,112,114,三等
civil_service_special,公務人員特種考試,監所管理員（女）類科,12,27,2,2,6,113,114,司法四等考試
civil_service_special,公務人員特種考試,監所管理員（男）類科,12,27,2,2,6,113,114,司法四等考試
civil_service_special,公務人員特種考試,社會組(選試英文),18,27,3,3,7,100,102,國安情報人員三等考試
civil_service_special,公務人員特種考試,人事行政(轉任退輔會),20,26,7,7,4,106,112,國軍上校以上軍官轉任上校轉任
civil_service_special,公務人員特種考試,環境檢驗類科,20,26,2,3,12,112,114,三等
civil_service_special,公務人員特種考試,社會行政(轉任退輔會),20,26,7,7,4,106,112,國軍上校以上軍官轉任上校轉任
civil_service_special,公務人員特種考試,關稅會計(選試英文),16,26,2,3,8,113,115,關務人員考試關務四等
civil_service_special,公務人員特種考試,關稅統計(選試英文),16,26,2,3,8,113,115,關務人員考試關務四等
civil_service_special,公務人員特種考試,電信工程類科,18,26,2,3,11,112,114,地方政府公務人員三等
civil_service_special,公務人員特種考試,一般警察人員_行政警察人員,13,25,1,2,12,100,100,三等考試
civil_service_special,公務人員特種考試,交通警察人員類別,12,25,2,2,6,114,115,警察人員考試四等考試
civil_service_special,公務人員特種考試,植物病蟲害防治,18,25,3,3,6,100,105,四等考試
civil_service_special,公務人員特種考試,法制類科,15,25,2,2,8,112,114,三等
civil_service_special,公務人員特種考試,財稅法務(臺北市),14,25,2,2,7,100,102,稅務特考三等考試
civil_service_special,公務人員特種考試,一般行政(轉任國防部),18,24,5,6,5,106,111,國軍上校以上軍官轉任少將轉任
civil_service_special,公務人員特種考試,交通警察人員類別交通組,14,24,2,2,7,114,115,警察人員考試三等考試
civil_service_special,公務人員特種考試,公共安全人員類別,14,24,2,2,7,114,115,警察人員考試三等考試
civil_service_special,公務人員特種考試,刑事鑑識人員類別,14,24,2,2,7,114,115,警察人員考試三等考試
civil_service_special,公務人員特種考試,國境警察人員類別,14,24,2,2,7,114,115,警察人員考試三等考試
civil_service_special,公務人員特種考試,國際經濟商務人員俄文組,18,24,3,3,7,100,103,國際經濟商務人員三等考試
civil_service_special,公務人員特種考試,新聞廣播,18,24,3,3,7,100,102,四等考試
civil_service_special,公務人員特種考試,保育人員,17,23,3,3,8,100,103,四等考試
civil_service_special,公務人員特種考試,執行員類科,12,23,2,2,6,113,114,司法四等考試
civil_service_special,公務人員特種考試,執達員類科,12,23,2,2,6,113,114,司法四等考試
civil_service_special,公務人員特種考試,庭務員類科,11,23,3,3,5,113,114,司法五等考試
civil_service_special,公務人員特種考試,水上警察人員類別,14,23,2,2,7,114,115,警察人員考試三等考試
civil_service_special,公務人員特種考試,法院書記官類科,12,23,2,2,6,113,114,司法四等考試
civil_service_special,公務人員特種考試,漁業技術類科,17,23,2,3,12,112,114,地方政府公務人員三等
civil_service_special,公務人員特種考試,財稅法務(中區錄取分發區),14,23,2,2,7,106,108,稅務人員三等考試
civil_service_special,公務人員特種考試,司法行政,12,22,2,2,6,113,114,高考三級
civil_service_special,公務人員特種考試,園藝類科,17,22,3,3,11,112,115,地方政府公務人員三等
civil_service_special,公務人員特種考試,外事警察人員(選試英語)類別,12,22,2,2,6,114,115,警察人員考試三等考試
civil_service_special,公務人員特種考試,警察特考_消防警察人員,13,22,1,2,11,100,100,三等考試
civil_service_special,公務人員特種考試,司法事務官營繕工程事務組,16,21,2,2,8,108,109,司法三等考試
civil_service_special,公務人員特種考試,司法行政(兩岸組),18,21,3,3,6,101,107,高考二級
civil_service_special,公務人員特種考試,體育行政類科,14,21,2,2,10,112,114,三等
civil_service_special,公務人員特種考試,一般化工,16,20,2,2,8,101,102,專利商標審查人員三等考試
civil_service_special,公務人員特種考試,一般行政(國防部),15,20,3,5,5,103,105,國軍轉任考試少將轉任
civil_service_special,公務人員特種考試,公證人類科,16,20,2,2,8,113,114,司法三等考試
civil_service_special,公務人員特種考試,史料編纂,16,20,2,2,8,103,104,三等
civil_service_special,公務人員特種考試,司法事務官類科法律事務組,16,20,2,2,8,113,114,司法三等考試
civil_service_special,公務人員特種考試,家事調查官類科,16,20,2,2,8,113,114,司法三等考試
civil_service_special,公務人員特種考試,廉政(轉任退輔會),15,20,5,5,4,106,111,國軍上校以上軍官轉任上校轉任
civil_service_special,公務人員特種考試,心理測驗員類科,16,20,2,2,8,113,114,司法三等考試
civil_service_special,公務人員特種考試,心理輔導員類科,16,20,2,2,8,113,114,司法三等考試
civil_service_special,公務人員特種考試,檢察事務官類科偵查實務組,16,20,2,2,8,113,114,司法三等考試
civil_service_special,公務人員特種考試,檢察事務官類科營繕工程組,16,20,2,2,8,113,114,司法三等考試
civil_service_special,公務人員特種考試,檢察事務官類科財經實務組,16,20,2,2,8,113,114,司法三等考試
civil_service_special,公務人員特種考試,檢察事務官類科電子資訊組,16,20,2,2,8,113,114,司法三等考試
civil_service_special,公務人員特種考試,海巡行政科,14,20,2,2,8,113,114,海巡三等考試
civil_service_special,公務人員特種考試,監獄官（女）類科,16,20,2,2,8,113,114,司法三等考試
civil_service_special,公務人員特種考試,監獄官（男）類科,16,20,2,2,8,113,114,司法三等考試
civil_service_special,公務人員特種考試,行政執行官類科,16,20,2,2,8,113,114,司法三等考試
civil_service_special,公務人員特種考試,觀護人,16,20,2,2,8,100,101,司法人員特考三等考試
civil_service_special,公務人員特種考試,觀護人（選試少年事件處理法）類科,16,20,2,2,8,113,114,司法三等考試
civil_service_special,公務人員特種考試,觀護人（選試社會工作概論）類科,16,20,2,2,8,113,114,司法三等考試
civil_service_special,公務人員特種考試,資訊工程,16,20,2,2,8,101,102,專利商標審查人員三等考試
civil_service_special,公務人員特種考試,一般行政(選試英文),10,19,2,2,5,113,115,關務人員考試關務四等
civil_service_special,公務人員特種考試,藥事(選試英文),13,19,2,2,7,113,115,關務人員考試關務三等
civil_service_special,公務人員特種考試,財稅行政(選試英文),13,19,2,2,7,113,115,關務人員考試關務三等
civil_service_special,公務人員特種考試,資訊處理(選試英文)科別,12,19,1,2,9,114,114,關務人員考試關務三等
civil_service_special,公務人員特種考試,輻射安全技術工程(選試英文),13,19,2,2,7,113,115,關務人員考試關務三等
civil_service_special,公務人員特種考試,關稅法務(選試日文),13,19,2,2,7,113,115,關務人員考試關務三等
civil_service_special,公務人員特種考試,關稅法務(選試英文),13,19,2,2,7,113,115,關務人員考試關務三等
civil_service_special,公務人員特種考試,一般行政(選試日文),10,18,2,2,5,113,115,關務人員考試關務四等
civil_service_special,公務人員特種考試,化學工程(選試英文)科別,12,18,1,2,9,114,114,關務人員考試關務三等
civil_service_special,公務人員特種考試,工業工程類科,14,18,2,2,8,112,114,三等
civil_service_special,公務人員特種考試,機械工程(選試英文)科別,12,18,1,2,9,114,114,關務人員考試關務三等
civil_service_special,公務人員特種考試,紡織工程(選試英文)科別,12,18,1,2,9,114,114,關務人員考試關務三等
civil_service_special,公務人員特種考試,調查工作組（選試英文）,12,18,2,2,6,112,113,調查人員三等考試
civil_service_special,公務人員特種考試,軍法官,16,18,2,2,8,100,101,軍法官
civil_service_special,公務人員特種考試,關稅會計(選試英文)科別,12,18,1,2,9,114,114,關務人員考試關務三等
civil_service_special,公務人員特種考試,關稅統計(選試英文)科別,12,18,1,2,9,114,114,關務人員考試關務三等
civil_service_special,公務人員特種考試,電機工程(選試英文)科別,12,18,1,2,9,114,114,關務人員考試關務三等
civil_service_special,公務人員特種考試,情報組(選試日文),12,17,2,2,6,106,107,國家安全情報人員三等考試
civil_service_special,公務人員特種考試,政經組(選試日文),12,17,2,2,6,106,107,國家安全情報人員三等考試
civil_service_special,公務人員特種考試,氣象,12,17,2,2,8,111,112,身心障礙人員考試身障四等
civil_service_special,公務人員特種考試,監所管理員,12,17,2,2,7,100,102,四等考試
civil_service_special,公務人員特種考試,移民行政(選試俄文),7,17,1,1,7,111,111,移民三等考試
civil_service_special,公務人員特種考試,移民行政(選試法文),7,17,1,1,7,111,111,移民三等考試
civil_service_special,公務人員特種考試,博物館管理,12,16,2,2,6,103,104,四等
civil_service_special,公務人員特種考試,國際組(選試阿拉伯文),12,16,2,2,8,104,112,國家安全情報人員考試三等考試
civil_service_special,公務人員特種考試,國際經濟商務人員韓文組,12,16,2,2,7,101,103,國際經濟商務人員三等考試
civil_service_special,公務人員特種考試,國際經貿法律組,12,16,2,2,6,101,103,國際經濟商務人員三等考試
civil_service_special,公務人員特種考試,社會行政(退輔會),12,16,4,4,3,100,105,上校轉任
civil_service_special,公務人員特種考試,調查工作組（選試俄文）,12,16,2,2,6,112,113,調查人員三等考試
civil_service_special,公務人員特種考試,調查工作組（選試德文）,12,16,2,2,6,112,113,調查人員三等考試
civil_service_special,公務人員特種考試,調查工作組（選試日文）,12,16,2,2,6,112,113,調查人員三等考試
civil_service_special,公務人員特種考試,調查工作組（選試法文）,12,16,2,2,6,112,113,調查人員三等考試
civil_service_special,公務人員特種考試,調查工作組（選試西班牙文）,12,16,2,2,6,112,113,調查人員三等考試
civil_service_special,公務人員特種考試,調查工作組（選試阿拉伯文）,12,16,2,2,6,112,113,調查人員三等考試
civil_service_special,公務人員特種考試,調查工作組（選試韓文）,12,16,2,2,6,112,113,調查人員三等考試
civil_service_special,公務人員特種考試,警察特考_刑事警察人員,7,16,1,1,7,100,100,三等考試
civil_service_special,公務人員特種考試,移民行政(選試德文),7,15,1,1,7,113,113,移民行政人員考試三等考試
civil_service_special,公務人員特種考試,移民行政(選試西班牙文),7,15,1,1,7,113,113,移民行政人員考試三等考試
civil_service_special,公務人員特種考試,移民行政(選試韓文),7,15,1,1,7,113,113,移民行政人員考試三等考試
civil_service_special,公務人員特種考試,公職法醫師類科,10,14,2,2,5,113,114,司法三等考試
civil_service_special,公務人員特種考試,刑事警察人員類別數位鑑識組,12,14,2,2,6,114,115,一般警察人員考試二等考試
civil_service_special,公務人員特種考試,商業行政類科,8,14,1,1,8,112,112,三等
civil_service_special,公務人員特種考試,外交領事人員泰文組,7,14,1,1,7,108,108,外交領事人員三等考試
civil_service_special,公務人員特種考試,外交領事人員馬來亞文組,7,14,1,1,7,108,108,外交領事人員三等考試
civil_service_special,公務人員特種考試,移民行政類科(選試印尼文),7,14,1,1,7,114,114,移民行政人員考試三等考試
civil_service_special,公務人員特種考試,移民行政類科(選試日文),7,14,1,1,7,114,114,移民行政人員考試三等考試
civil_service_special,公務人員特種考試,移民行政類科(選試泰文),7,14,1,1,7,114,114,移民行政人員考試三等考試
civil_service_special,公務人員特種考試,移民行政類科(選試英文),7,14,1,1,7,114,114,移民行政人員考試三等考試
civil_service_special,公務人員特種考試,移民行政類科(選試西班牙文),7,14,1,1,7,114,114,移民行政人員考試三等考試
civil_service_special,公務人員特種考試,移民行政類科(選試越南文),7,14,1,1,7,114,114,移民行政人員考試三等考試
civil_service_special,公務人員特種考試,移民行政類科(選試韓文),7,14,1,1,7,114,114,移民行政人員考試三等考試
civil_service_special,公務人員特種考試,移民行政（選試印尼文）,7,14,1,1,7,112,112,移民三等考試
civil_service_special,公務人員特種考試,移民行政（選試泰文）,7,14,1,1,7,112,112,移民三等考試
civil_service_special,公務人員特種考試,移民行政（選試英文）,7,14,1,1,7,112,112,移民三等考試
civil_service_special,公務人員特種考試,移民行政（選試越南文）,7,14,1,1,7,112,112,移民三等考試
civil_service_special,公務人員特種考試,移民行政（選試韓文）,7,14,1,1,7,112,112,移民三等考試
civil_service_special,公務人員特種考試,警察特考_行政管理人員,7,14,1,1,7,100,100,三等考試
civil_service_special,公務人員特種考試,警察特考_警察法制人員,7,14,1,1,7,100,100,三等考試
civil_service_special,公務人員特種考試,警察特考__警察資訊管理人員,7,13,1,1,7,100,100,三等考試
civil_service_special,公務人員特種考試,警察特考_交通警察人員交通組,7,13,1,1,7,100,100,三等考試
civil_service_special,公務人員特種考試,警察特考_交通警察人員電訊組,7,13,1,1,7,100,100,三等考試
civil_service_special,公務人員特種考試,警察特考_公共安全人員,7,13,1,1,7,100,100,三等考試
civil_service_special,公務人員特種考試,警察特考_國境警察人員,7,13,1,1,7,100,100,三等考試
civil_service_special,公務人員特種考試,警察特考_外事警察人員(選試英語),7,13,1,1,7,100,100,三等考試
civil_service_special,公務人員特種考試,警察特考_犯罪防治人員預防組,7,13,1,1,7,100,100,三等考試
civil_service_special,公務人員特種考試,一般民政(一般錄取分發區),7,12,1,1,7,104,104,原住民族三等考試
civil_service_special,公務人員特種考試,一般民政(蘭嶼錄取分發區),7,12,1,1,7,104,104,原住民族三等考試
civil_service_special,公務人員特種考試,一般行政(一般錄取分發區),6,12,1,1,6,101,101,四等考試
civil_service_special,公務人員特種考試,一般行政(蘭嶼錄取分發區),6,12,1,1,6,101,101,四等考試
civil_service_special,公務人員特種考試,外交領事人員類科德文組,6,12,1,1,6,114,114,外交人員考試三等考試
civil_service_special,公務人員特種考試,外交領事人員類科日文組,6,12,1,1,6,114,114,外交人員考試三等考試
civil_service_special,公務人員特種考試,外交領事人員類科法文組,6,12,1,1,6,114,114,外交人員考試三等考試
civil_service_special,公務人員特種考試,外交領事人員類科義大利文組,6,12,1,1,6,114,114,外交人員考試三等考試
civil_service_special,公務人員特種考試,外交領事人員類科英文組一,6,12,1,1,6,114,114,外交人員考試三等考試
civil_service_special,公務人員特種考試,外交領事人員類科葡萄牙文組,6,12,1,1,6,114,114,外交人員考試三等考試
civil_service_special,公務人員特種考試,外交領事人員類科西班牙文組,6,12,1,1,6,114,114,外交人員考試三等考試
civil_service_special,公務人員特種考試,外交領事人員類科阿拉伯文組,6,12,1,1,6,114,114,外交人員考試三等考試
civil_service_special,公務人員特種考試,廉政(退輔會),9,12,3,3,3,103,105,國軍轉任考試上校轉任
civil_service_special,公務人員特種考試,政風,4,12,1,1,4,100,100,五等考試
civil_service_special,公務人員特種考試,會計(退輔會),9,12,3,3,3,103,105,國軍轉任考試上校轉任
civil_service_special,公務人員特種考試,監所管理員（女）,6,12,1,1,6,112,112,司法四等考試
civil_service_special,公務人員特種考試,監所管理員（男）,6,12,1,1,6,112,112,司法四等考試
civil_service_special,公務人員特種考試,移民行政類科一般組(選試印尼文),6,12,1,1,6,115,115,移民行政人員考試三等考試
civil_service_special,公務人員特種考試,移民行政類科一般組(選試泰文),6,12,1,1,6,115,115,移民行政人員考試三等考試
civil_service_special,公務人員特種考試,移民行政類科一般組(選試英文),6,12,1,1,6,115,115,移民行政人員考試三等考試
civil_service_special,公務人員特種考試,移民行政類科一般組(選試西班牙文),6,12,1,1,6,115,115,移民行政人員考試三等考試
civil_service_special,公務人員特種考試,移民行政類科一般組(選試越南文),6,12,1,1,6,115,115,移民行政人員考試三等考試
civil_service_special,公務人員特種考試,移民行政類科一般組(選試韓文),6,12,1,1,6,115,115,移民行政人員考試三等考試
civil_service_special,公務人員特種考試,警察特考_刑事鑑識人員,7,12,1,1,7,100,100,三等考試
civil_service_special,公務人員特種考試,警察特考_水上警察人員,7,12,1,1,7,100,100,三等考試
civil_service_special,公務人員特種考試,財稅法務(南區錄取分發區),7,12,1,1,7,108,108,稅務人員三等考試
civil_service_special,公務人員特種考試,財稅法務(高雄錄取分發區),7,12,1,1,7,108,108,稅務人員三等考試
civil_service_special,公務人員特種考試,一般警察人員_水上警察人員輪機組,6,11,1,1,6,100,100,四等考試
civil_service_special,公務人員特種考試,一般警察人員_消防警察人員,6,11,1,1,6,100,100,四等考試
civil_service_special,公務人員特種考試,外交領事人員類科英文組二,6,11,1,1,6,114,114,外交人員考試三等考試
civil_service_special,公務人員特種考試,法警（女）,6,11,1,1,6,112,112,司法四等考試
civil_service_special,公務人員特種考試,法警（男）,6,11,1,1,6,112,112,司法四等考試
civil_service_special,公務人員特種考試,經建行政(一般錄取分發區),7,11,1,1,7,104,104,原住民族三等考試
civil_service_special,公務人員特種考試,經建行政(蘭嶼錄取分發區),7,11,1,1,7,104,104,原住民族三等考試
civil_service_special,公務人員特種考試,財稅法務(臺灣省北區),7,11,1,1,7,102,102,稅務特考三等考試
civil_service_special,公務人員特種考試,司法事務官類科財經事務組,8,10,1,1,8,114,114,司法三等考試
civil_service_special,公務人員特種考試,司法官（第一試）,4,10,1,1,4,101,101,三等考試
civil_service_special,公務人員特種考試,外交行政人員類科行政組,5,10,1,1,5,114,114,外交人員考試四等考試
civil_service_special,公務人員特種考試,廉政類科,4,10,1,1,4,112,112,五等
civil_service_special,公務人員特種考試,物理,8,10,1,1,8,101,101,專利商標三等考試
civil_service_special,公務人員特種考試,監獄官（女）,8,10,1,1,8,112,112,司法三等考試
civil_service_special,公務人員特種考試,監獄官（男）,8,10,1,1,8,112,112,司法三等考試
civil_service_special,公務人員特種考試,藥事(選試英文)科別,7,10,1,1,7,114,114,關務人員考試關務三等
civil_service_special,公務人員特種考試,觀光行政(選試觀光日語)類科,8,10,1,1,8,112,112,三等
civil_service_special,公務人員特種考試,觀護人(選試少年事件處理法),8,10,1,1,8,111,111,司法三等考試
civil_service_special,公務人員特種考試,觀護人(選試社會工作概論),8,10,1,1,8,111,111,司法三等考試
civil_service_special,公務人員特種考試,財稅行政(選試日文)科別,7,10,1,1,7,114,114,關務人員考試關務三等
civil_service_special,公務人員特種考試,財稅行政(選試英文)科別,7,10,1,1,7,114,114,關務人員考試關務三等
civil_service_special,公務人員特種考試,輻射安全技術工程(選試英文)科別,7,10,1,1,7,114,114,關務人員考試關務三等
civil_service_special,公務人員特種考試,關稅法務(選試日文)科別,7,10,1,1,7,114,114,關務人員考試關務三等
civil_service_special,公務人員特種考試,關稅法務(選試英文)科別,7,10,1,1,7,114,114,關務人員考試關務三等
civil_service_special,公務人員特種考試,食品衛生檢驗類科,8,10,1,1,8,112,112,三等
civil_service_special,公務人員特種考試,一般行政(選試日文)科別,5,9,1,1,5,114,114,關務人員考試關務四等
civil_service_special,公務人員特種考試,一般行政(選試英文)科別,5,9,1,1,5,114,114,關務人員考試關務四等
civil_service_special,公務人員特種考試,一般警察人員_外事警察人員(選試日語),7,9,1,1,7,100,100,三等考試
civil_service_special,公務人員特種考試,一般警察人員_外事警察人員(選試英語),7,9,1,1,7,100,100,三等考試
civil_service_special,公務人員特種考試,一般警察人員_行政管理人員,7,9,1,1,7,100,100,三等考試
civil_service_special,公務人員特種考試,一般警察人員_警察法制人員,7,9,1,1,7,100,100,三等考試
civil_service_special,公務人員特種考試,一般警察人員_警察資訊管理人員,7,9,1,1,7,100,100,三等考試
civil_service_special,公務人員特種考試,國際經濟商務人員類科國際經貿法律組,6,9,1,1,6,114,114,國際經濟商務人員考試三等考試
civil_service_special,公務人員特種考試,地政(一般錄取分發區),7,9,1,1,7,105,105,原住民族三等考試
civil_service_special,公務人員特種考試,地政(蘭嶼錄取分發區),7,9,1,1,7,105,105,原住民族三等考試
civil_service_special,公務人員特種考試,外交領事人員類科國際法組,6,9,1,1,6,114,114,外交人員考試三等考試
civil_service_special,公務人員特種考試,技藝,6,9,1,1,6,101,101,四等考試
civil_service_special,公務人員特種考試,海洋巡護,4,9,1,1,4,107,107,海岸巡防人員五等考試
civil_service_special,公務人員特種考試,生物技術,7,9,1,1,7,100,100,三等考試
civil_service_special,公務人員特種考試,移民行政類科資訊組,6,9,1,1,6,115,115,移民行政人員考試三等考試
civil_service_special,公務人員特種考試,財稅行政(選試日文),6,9,1,1,6,115,115,關務人員考試關務三等
civil_service_special,公務人員特種考試,農業技術(一般錄取分發區),7,9,1,1,7,105,105,原住民族三等考試
civil_service_special,公務人員特種考試,鑑識人員類科,7,9,1,1,7,114,114,司法三等考試
civil_service_special,公務人員特種考試,電力工程(一般錄取分發區),7,9,1,1,7,101,101,三等考試
civil_service_special,公務人員特種考試,電力工程(蘭嶼錄取分發區),7,9,1,1,7,101,101,三等考試
civil_service_special,公務人員特種考試,電子工程(蘭嶼錄取分發區),6,9,1,1,6,102,102,四等考試
civil_service_special,公務人員特種考試,人事行政(退輔會),6,8,2,2,3,104,105,上校轉任
civil_service_special,公務人員特種考試,化學工程(選試日文),5,8,1,1,5,113,113,關務人員考試關務四等
civil_service_special,公務人員特種考試,國際新聞人員國際新聞科法文組,6,8,1,1,6,100,100,三等考試
civil_service_special,公務人員特種考試,國際新聞人員國際新聞科英文組,6,8,1,1,6,100,100,三等考試
civil_service_special,公務人員特種考試,國際新聞人員國際新聞科西班牙文,6,8,1,1,6,100,100,三等考試
civil_service_special,公務人員特種考試,國際組(選試德文),6,8,1,1,6,100,100,三等考試
civil_service_special,公務人員特種考試,國際經濟商務人員葡萄牙文組,6,8,1,1,6,107,107,國際經濟商務人員三等考試
civil_service_special,公務人員特種考試,土木工程（蘭嶼錄取分發區）,6,8,1,1,6,101,101,四等考試
civil_service_special,公務人員特種考試,政經組(選試德文),6,8,1,1,6,107,107,國家安全情報人員三等考試
civil_service_special,公務人員特種考試,新聞(選試日文)類科,6,8,1,1,6,114,114,地方政府公務人員四等
civil_service_special,公務人員特種考試,新聞廣播(選試英文、國語播音與閩南語播音),6,8,1,1,6,108,108,四等
civil_service_special,公務人員特種考試,海洋巡護科,4,8,1,1,4,114,114,海巡五等考試
civil_service_special,公務人員特種考試,觀光行政(選試觀光英語)類科,6,8,1,1,6,114,114,地方政府公務人員三等
civil_service_special,公務人員特種考試,調查工作組（選試土耳其文）,6,8,1,1,6,113,113,調查人員三等考試
civil_service_special,公務人員特種考試,輪機工程科別,4,8,1,1,4,114,114,關務人員考試關務五等
civil_service_special,公務人員特種考試,電機工程(選試日文),5,8,1,1,5,113,113,關務人員考試關務四等
civil_service_special,公務人員特種考試,飛航檢查科別,5,8,1,1,5,114,114,民航人員考試三等考試
civil_service_special,公務人員特種考試,飛航管制科別,5,8,1,1,5,114,114,民航人員考試三等考試
civil_service_special,公務人員特種考試,公職語言治療師,5,7,1,1,5,100,100,三等考試
civil_service_special,公務人員特種考試,刑事警察人員類別犯罪分析組,6,7,1,1,6,115,115,一般警察人員考試二等考試
civil_service_special,公務人員特種考試,刑事警察人員類別電子監察組,6,7,1,1,6,115,115,一般警察人員考試二等考試
civil_service_special,公務人員特種考試,刑事鑑識人員類別材料及化學物品鑑析組,6,7,1,1,6,114,114,一般警察人員考試二等考試
civil_service_special,公務人員特種考試,司法官類科,6,7,1,1,6,107,107,三等考試
civil_service_special,公務人員特種考試,國際經濟商務人員類科日文組,5,7,1,1,5,114,114,國際經濟商務人員考試三等考試
civil_service_special,公務人員特種考試,國際經濟商務人員類科英文組,5,7,1,1,5,114,114,國際經濟商務人員考試三等考試
civil_service_special,公務人員特種考試,國際經濟商務人員類科韓文組,5,7,1,1,5,114,114,國際經濟商務人員考試三等考試
civil_service_special,公務人員特種考試,航務管理科別,4,7,1,1,4,114,114,民航人員考試三等考試
civil_service_special,公務人員特種考試,觀光行政類科,5,7,1,1,5,114,114,地方政府公務人員四等
civil_service_special,公務人員特種考試,一般行政(轉任退輔會)類科,6,6,1,3,3,114,114,軍官轉任公務人員考試中將轉任
civil_service_special,公務人員特種考試,公職社會工作師類科,6,6,2,3,2,112,114,地方政府公務人員三等
civil_service_special,公務人員特種考試,會計(轉任退輔會),5,6,2,2,3,111,112,國軍上校以上軍官轉任上校轉任
civil_service_special,公務人員特種考試,氣象類科,4,5,1,1,4,115,115,身心障礙人員考試身障四等
civil_service_special,公務人員特種考試,一般行政(轉任海委會),3,4,1,1,3,109,109,國軍上校以上軍官轉任上校轉任
civil_service_special,公務人員特種考試,公職獸醫師類科,4,4,2,2,2,112,114,地方政府公務人員三等
civil_service_special,公務人員特種考試,政風(退輔會),3,4,1,1,3,100,100,上校轉任
civil_service_special,公務人員特種考試,經建行政(轉任海委會),3,4,1,1,3,109,109,國軍上校以上軍官轉任少將轉任
civil_service_special,公務人員特種考試,資訊處理(退輔會),3,4,1,1,3,103,103,國軍轉任考試上校轉任
civil_service_special,公務人員特種考試,廉政(轉任退輔會)類科,2,2,1,1,2,114,114,軍官轉任公務人員考試上校轉任
civil_service_special,公務人員特種考試,會計(轉任退輔會)類科,2,2,1,1,2,114,114,軍官轉任公務人員考試上校轉任
civil_service_special,公務人員特種考試,社會行政(轉任退輔會)類科,2,2,1,1,2,114,114,軍官轉任公務人員考試上校轉任
civil_service_special,公務人員特種考試,衛生行政(轉任退輔會)類科,2,2,1,1,2,114,114,軍官轉任公務人員考試上校轉任
civil_service_special,公務人員特種考試,高等法院…法官(選試刑…、國際私法),2,2,1,1,2,111,111,法官遴選資格考試資格考試
civil_service_special,公務人員特種考試,高等法院…法官(選試憲…、國際公法),2,2,1,1,2,111,111,法官遴選資格考試資格考試
civil_service_special,公務人員特種考試,高等法院…法官(選試憲…、租稅法),2,2,1,1,2,111,111,法官遴選資格考試資格考試
language_tourism,導遊領隊與外語類,華語領隊人員,39,103,13,13,4,100,112,華語領隊普通考試
language_tourism,導遊領隊與外語類,華語導遊人員,39,100,13,13,4,100,112,華語導遊普通考試
language_tourism,導遊領隊與外語類,外語領隊人員（日語）,36,99,9,9,4,100,108,外語領隊普通考試
language_tourism,導遊領隊與外語類,外語領隊人員（德語）,36,97,9,9,4,100,108,外語領隊普通考試
language_tourism,導遊領隊與外語類,外語領隊人員（法語）,36,97,9,9,4,100,108,外語領隊普通考試
language_tourism,導遊領隊與外語類,外語領隊人員（英語）,36,97,9,9,4,100,108,外語領隊普通考試
language_tourism,導遊領隊與外語類,外語領隊人員（西班牙語）,36,96,9,9,4,100,108,外語領隊普通考試
language_tourism,導遊領隊與外語類,外語導遊人員（泰語）,36,91,9,9,4,100,108,外語導遊普通考試
language_tourism,導遊領隊與外語類,外語導遊人員（日語）,36,90,9,9,4,100,108,外語導遊普通考試
language_tourism,導遊領隊與外語類,外語導遊人員（英語）,36,90,9,9,4,100,108,外語導遊普通考試
language_tourism,導遊領隊與外語類,外語導遊人員（德語）,36,89,9,9,4,100,108,外語導遊普通考試
language_tourism,導遊領隊與外語類,外語導遊人員（西班牙語）,36,89,9,9,4,100,108,外語導遊普通考試
language_tourism,導遊領隊與外語類,外語導遊人員（韓語）,36,89,9,9,4,100,108,外語導遊普通考試
language_tourism,導遊領隊與外語類,外語導遊人員（法語）,36,88,9,9,4,100,108,外語導遊普通考試
language_tourism,導遊領隊與外語類,外語導遊人員（阿拉伯語）,36,88,9,9,4,100,108,外語導遊普通考試
language_tourism,導遊領隊與外語類,外語導遊人員（印尼語）,28,71,7,7,5,102,108,外語導遊普通考試
language_tourism,導遊領隊與外語類,外語導遊人員（越南語）,28,70,7,7,5,102,108,外語導遊普通考試
language_tourism,導遊領隊與外語類,外語導遊人員（俄語）,28,69,7,7,5,102,108,外語導遊普通考試
language_tourism,導遊領隊與外語類,外語導遊人員（馬來語）,28,69,7,7,5,102,108,外語導遊普通考試
language_tourism,導遊領隊與外語類,外語導遊人員（義大利語）,24,61,6,6,5,102,108,外語導遊普通考試
language_tourism,導遊領隊與外語類,外語領隊人員(德語),16,37,4,4,4,109,112,外語領隊普通考試
language_tourism,導遊領隊與外語類,外語領隊人員(英語),16,37,4,4,4,109,112,外語領隊普通考試
language_tourism,導遊領隊與外語類,外語領隊人員(日語),16,36,4,4,4,109,112,外語領隊普通考試
language_tourism,導遊領隊與外語類,外語領隊人員(法語),16,36,4,4,4,109,112,外語領隊普通考試
language_tourism,導遊領隊與外語類,外語領隊人員(西班牙語),16,36,4,4,4,109,112,外語領隊普通考試
language_tourism,導遊領隊與外語類,外語導遊人員(日語),16,35,4,4,4,109,112,外語導遊普通考試
language_tourism,導遊領隊與外語類,外語導遊人員(英語),16,35,4,4,4,109,112,外語導遊普通考試
language_tourism,導遊領隊與外語類,外語導遊人員(越南語),16,35,4,4,4,109,112,外語導遊普通考試
language_tourism,導遊領隊與外語類,外語導遊人員(韓語),16,35,4,4,4,109,112,外語導遊普通考試
language_tourism,導遊領隊與外語類,外語導遊人員(俄語),16,34,4,4,5,109,112,外語導遊普通考試
language_tourism,導遊領隊與外語類,外語導遊人員(印尼語),16,34,4,4,5,109,112,外語導遊普通考試
language_tourism,導遊領隊與外語類,外語導遊人員(土耳其語),16,34,4,4,5,109,112,外語導遊普通考試
language_tourism,導遊領隊與外語類,外語導遊人員(德語),16,34,4,4,4,109,112,外語導遊普通考試
language_tourism,導遊領隊與外語類,外語導遊人員(法語),16,34,4,4,4,109,112,外語導遊普通考試
language_tourism,導遊領隊與外語類,外語導遊人員(泰語),16,34,4,4,4,109,112,外語導遊普通考試
language_tourism,導遊領隊與外語類,外語導遊人員(義大利語),16,34,4,4,5,109,112,外語導遊普通考試
language_tourism,導遊領隊與外語類,外語導遊人員(西班牙語),16,34,4,4,4,109,112,外語導遊普通考試
language_tourism,導遊領隊與外語類,外語導遊人員(阿拉伯語),16,34,4,4,4,109,112,外語導遊普通考試
language_tourism,導遊領隊與外語類,外語導遊人員(馬來語),16,34,4,4,5,109,112,外語導遊普通考試
language_tourism,導遊領隊與外語類,外語導遊人員（義大利語),4,8,1,1,4,107,107,外語導遊普通考試
locked27_medical_current,醫事 locked27 現行主線,物理治療師,186,467,31,31,6,100,115,專技高考
locked27_medical_current,醫事 locked27 現行主線,醫事檢驗師,186,466,31,31,8,100,115,專技高考
locked27_medical_current,醫事 locked27 現行主線,社會工作師,211,461,31,31,8,100,115,高考
locked27_medical_current,醫事 locked27 現行主線,營養師,189,450,32,32,6,100,115,高考
locked27_medical_current,醫事 locked27 現行主線,醫事放射師,186,450,31,31,6,100,115,專技高考
locked27_medical_current,醫事 locked27 現行主線,護理師,175,421,35,35,5,100,115,高考
locked27_medical_current,醫事 locked27 現行主線,獸醫師,150,374,25,25,6,100,114,專技高考
locked27_medical_current,醫事 locked27 現行主線,諮商心理師,153,372,26,26,10,100,114,高考
locked27_medical_current,醫事 locked27 現行主線,職能治療師,150,356,25,25,6,100,114,專技高考
locked27_medical_current,醫事 locked27 現行主線,臨床心理師,153,356,26,26,11,100,114,高考
locked27_medical_current,醫事 locked27 現行主線,醫師(二),124,351,31,31,4,100,115,專技高考
locked27_medical_current,醫事 locked27 現行主線,呼吸治療師,150,350,25,25,6,100,114,專技高考
locked27_medical_current,醫事 locked27 現行主線,聽力師,114,253,18,19,6,100,114,高考
locked27_medical_current,醫事 locked27 現行主線,中醫師(二),112,251,28,28,4,102,115,高考
locked27_medical_current,醫事 locked27 現行主線,語言治療師,112,245,19,19,6,100,114,高考
locked27_medical_current,醫事 locked27 現行主線,牙體技術師,114,223,18,19,6,100,114,高考
locked27_medical_current,醫事 locked27 現行主線,助產師,105,212,21,21,7,100,114,專技高考
locked27_medical_current,醫事 locked27 現行主線,牙醫師(二),80,189,20,20,4,105,115,專技高考
locked27_medical_current,醫事 locked27 現行主線,中醫師(一),80,179,29,29,4,101,115,高考
locked27_medical_current,醫事 locked27 現行主線,驗光師,75,176,15,15,5,106,114,高考
locked27_medical_current,醫事 locked27 現行主線,法醫師,90,172,15,15,6,100,114,高考
locked27_medical_current,醫事 locked27 現行主線,藥師(一),60,166,20,20,8,105,115,專技高考
locked27_medical_current,醫事 locked27 現行主線,醫師(一),56,159,28,28,4,100,115,專技高考
locked27_medical_current,醫事 locked27 現行主線,藥師(二),60,140,20,20,6,105,115,專技高考
locked27_medical_current,醫事 locked27 現行主線,驗光生,56,131,14,14,4,106,114,普考
locked27_medical_current,醫事 locked27 現行主線,牙醫師(一),40,107,20,20,2,105,115,專技高考
locked27_medical_current,醫事 locked27 現行主線,公共衛生師,30,76,5,5,6,110,114,高考
other_unclassified,其他未分類節點,護士,4,8,1,1,4,101,101,醫事人員普考普考
professional_high_other_seed,專技高普考其他類科種子集,藥師,90,227,15,15,6,100,107,專技高考
professional_high_other_seed,專技高普考其他類科種子集,會計師,105,225,15,15,12,100,114,專技高考
professional_high_other_seed,專技高普考其他類科種子集,建築師,90,202,15,15,6,100,114,專技高考
professional_high_other_seed,專技高普考其他類科種子集,食品技師,186,186,31,31,6,100,115,食品技師高等考試
professional_high_other_seed,專技高普考其他類科種子集,專利師(選試專業日文及工程力學),90,180,13,13,10,100,114,專技高考
professional_high_other_seed,專技高普考其他類科種子集,專利師(選試專業日文及物理化學),90,180,13,13,10,100,114,專技高考
professional_high_other_seed,專技高普考其他類科種子集,專利師(選試專業日文及生物技術),90,180,13,13,10,100,114,專技高考
professional_high_other_seed,專技高普考其他類科種子集,專利師(選試專業日文及電子學),90,180,13,13,10,100,114,專技高考
professional_high_other_seed,專技高普考其他類科種子集,專利師(選試專業英文及工程力學),90,177,13,13,10,100,114,專技高考
professional_high_other_seed,專技高普考其他類科種子集,專利師(選試專業英文及物理化學),90,177,13,13,10,100,114,專技高考
professional_high_other_seed,專技高普考其他類科種子集,專利師(選試專業英文及生物技術),90,177,13,13,10,100,114,專技高考
professional_high_other_seed,專技高普考其他類科種子集,專利師(選試專業英文及電子學),90,177,13,13,10,100,114,專技高考
professional_high_other_seed,專技高普考其他類科種子集,律師,81,172,19,19,15,100,114,高等考試
professional_high_other_seed,專技高普考其他類科種子集,中醫師,73,162,10,10,17,100,104,高考
professional_high_other_seed,專技高普考其他類科種子集,專利師(選試專業英文及計算機結構),76,147,11,11,10,100,114,專技高考
professional_high_other_seed,專技高普考其他類科種子集,專利師(選試專業日文及計算機結構),69,136,10,10,10,100,114,專技高考
professional_high_other_seed,專技高普考其他類科種子集,專利師(選試專業日文及工業設計),63,128,9,9,7,106,114,專技高考
professional_high_other_seed,專技高普考其他類科種子集,專利師(選試專業英文及工業設計),63,126,9,9,7,106,114,專技高考
professional_high_other_seed,專技高普考其他類科種子集,一等船副,59,122,12,12,5,100,104,專技高考
professional_high_other_seed,專技高普考其他類科種子集,一等管輪,58,116,12,12,5,100,104,專技高考
professional_high_other_seed,專技高普考其他類科種子集,消防設備師,96,114,16,16,6,100,115,消防設備師高等考試
professional_high_other_seed,專技高普考其他類科種子集,不動產估價師,105,113,15,15,8,100,114,專技高考
professional_high_other_seed,專技高普考其他類科種子集,驗船師,96,96,16,16,27,100,115,驗船師高等考試
professional_high_other_seed,專技高普考其他類科種子集,交通工程技師,90,90,15,15,9,100,114,專技高考
professional_high_other_seed,專技高普考其他類科種子集,冷凍空調工程技師,90,90,15,15,6,100,114,專技高考
professional_high_other_seed,專技高普考其他類科種子集,化學工程技師,90,90,15,15,6,100,114,專技高考
professional_high_other_seed,專技高普考其他類科種子集,園藝技師,90,90,15,15,6,100,114,專技高考
professional_high_other_seed,專技高普考其他類科種子集,土木工程技師,90,90,15,15,6,100,114,專技高考
professional_high_other_seed,專技高普考其他類科種子集,工業安全技師,90,90,15,15,6,100,114,專技高考
professional_high_other_seed,專技高普考其他類科種子集,工業工程技師,90,90,15,15,6,100,114,專技高考
professional_high_other_seed,專技高普考其他類科種子集,應用地質技師,90,90,15,15,6,100,114,專技高考
professional_high_other_seed,專技高普考其他類科種子集,林業技師,90,90,15,15,6,100,114,專技高考
professional_high_other_seed,專技高普考其他類科種子集,機械工程技師,90,90,15,15,6,100,114,專技高考
professional_high_other_seed,專技高普考其他類科種子集,水利工程技師,90,90,15,15,6,100,114,專技高考
professional_high_other_seed,專技高普考其他類科種子集,水土保持技師,90,90,15,15,6,100,114,專技高考
professional_high_other_seed,專技高普考其他類科種子集,水產養殖技師,90,90,15,15,6,100,114,專技高考
professional_high_other_seed,專技高普考其他類科種子集,測量技師,90,90,15,15,6,100,114,專技高考
professional_high_other_seed,專技高普考其他類科種子集,環境工程技師,90,90,15,15,6,100,114,專技高考
professional_high_other_seed,專技高普考其他類科種子集,畜牧技師,90,90,15,15,6,100,114,專技高考
professional_high_other_seed,專技高普考其他類科種子集,結構工程技師,90,90,15,15,6,100,114,專技高考
professional_high_other_seed,專技高普考其他類科種子集,資訊技師,90,90,15,15,11,100,114,專技高考
professional_high_other_seed,專技高普考其他類科種子集,農藝技師,90,90,15,15,6,100,114,專技高考
professional_high_other_seed,專技高普考其他類科種子集,都市計畫技師,90,90,15,15,6,100,114,專技高考
professional_high_other_seed,專技高普考其他類科種子集,電子工程技師,90,90,15,15,6,100,114,專技高考
professional_high_other_seed,專技高普考其他類科種子集,電機工程技師,90,90,15,15,6,100,114,專技高考
professional_high_other_seed,專技高普考其他類科種子集,大地工程技師,78,78,13,13,6,100,114,專技高考
professional_high_other_seed,專技高普考其他類科種子集,大地工程技師第一階段考試,32,65,8,8,8,105,112,大地工程技師高等考試
professional_high_other_seed,專技高普考其他類科種子集,律師（選試勞動社會法）,63,65,9,9,10,104,114,高等考試
professional_high_other_seed,專技高普考其他類科種子集,律師（選試智慧財產法）,63,65,9,9,10,104,114,高等考試
professional_high_other_seed,專技高普考其他類科種子集,律師（選試海商法與海洋法）,63,65,9,9,10,104,114,高等考試
professional_high_other_seed,專技高普考其他類科種子集,律師（選試財稅法）,63,65,9,9,10,104,114,高等考試
professional_high_other_seed,專技高普考其他類科種子集,民間之公證人,56,60,7,7,9,101,113,專技高考
professional_high_other_seed,專技高普考其他類科種子集,專利師(選試專業日文及基本設計),27,52,4,4,10,100,105,專技高考
professional_high_other_seed,專技高普考其他類科種子集,專利師(選試專業英文及基本設計),27,51,4,4,10,100,105,專技高考
professional_high_other_seed,專技高普考其他類科種子集,專利師(專業日文及計算機結構),27,49,4,4,10,101,104,專技高考
professional_high_other_seed,專技高普考其他類科種子集,工礦衛生技師,48,48,8,8,6,100,107,專技高考
professional_high_other_seed,專技高普考其他類科種子集,採礦工程技師,42,42,7,7,6,101,113,專技高考
professional_high_other_seed,專技高普考其他類科種子集,漁撈技師,42,42,7,7,6,101,113,專技高考
professional_high_other_seed,專技高普考其他類科種子集,職業衛生技師,42,42,7,7,6,108,114,專技高考
professional_high_other_seed,專技高普考其他類科種子集,造船工程技師,42,42,7,7,6,101,113,專技高考
professional_high_other_seed,專技高普考其他類科種子集,甲種引水人(臺中港),41,41,8,8,9,100,114,引水人高等考試
professional_high_other_seed,專技高普考其他類科種子集,甲種引水人(高雄港),41,41,8,8,9,100,114,引水人高等考試
professional_high_other_seed,專技高普考其他類科種子集,冶金工程技師,36,36,6,6,6,101,111,專技高考
professional_high_other_seed,專技高普考其他類科種子集,專利師(專業英文及計算機結構),20,36,3,3,10,101,103,高等考試
professional_high_other_seed,專技高普考其他類科種子集,甲種引水人(麥寮港),36,36,7,7,8,100,114,引水人高等考試
professional_high_other_seed,專技高普考其他類科種子集,紡織工程技師,36,36,6,6,6,101,111,專技高考
professional_high_other_seed,專技高普考其他類科種子集,甲種引水人(基隆港),31,31,6,6,9,100,110,引水人高等考試
professional_high_other_seed,專技高普考其他類科種子集,礦業安全技師,30,30,5,5,6,101,113,專技高考
professional_high_other_seed,專技高普考其他類科種子集,航空工程技師,30,30,5,5,6,101,109,專技高考
professional_high_other_seed,專技高普考其他類科種子集,牙醫師,12,26,2,2,6,100,100,專技高考
professional_high_other_seed,專技高普考其他類科種子集,大地工程技師考試分階段考試(第一階段考試),12,25,3,3,4,113,115,大地工程技師高等考試
professional_high_other_seed,專技高普考其他類科種子集,甲種引水人(臺北港),25,25,5,5,6,104,114,引水人高等考試
professional_high_other_seed,專技高普考其他類科種子集,一等管輪（加註）,12,24,6,6,2,100,101,專技高考
professional_high_other_seed,專技高普考其他類科種子集,大地工程技師(二),20,20,5,5,4,109,113,專技高考
professional_high_other_seed,專技高普考其他類科種子集,專利師(專業英文及基本設計),13,20,2,2,10,101,102,高等考試
professional_high_other_seed,專技高普考其他類科種子集,專利師(專業英文及工程力學),13,20,2,2,10,101,102,高等考試
professional_high_other_seed,專技高普考其他類科種子集,專利師(專業英文及物理化學),13,20,2,2,10,101,102,高等考試
professional_high_other_seed,專技高普考其他類科種子集,專利師(專業英文及生物技術),13,20,2,2,10,101,102,高等考試
professional_high_other_seed,專技高普考其他類科種子集,專利師(專業英文及電子學),13,20,2,2,10,101,102,高等考試
professional_high_other_seed,專技高普考其他類科種子集,甲種引水人(花蓮港),20,20,4,4,6,104,112,引水人高等考試
professional_high_other_seed,專技高普考其他類科種子集,專利師(專業日文及基本設計),13,19,2,2,10,101,102,高等考試
professional_high_other_seed,專技高普考其他類科種子集,專利師(專業日文及工程力學),13,19,2,2,10,101,102,高等考試
professional_high_other_seed,專技高普考其他類科種子集,專利師(專業日文及物理化學),13,19,2,2,10,101,102,高等考試
professional_high_other_seed,專技高普考其他類科種子集,專利師(專業日文及生物技術),13,19,2,2,10,101,102,高等考試
professional_high_other_seed,專技高普考其他類科種子集,專利師(專業日文及電子學),13,19,2,2,10,101,102,高等考試
professional_high_other_seed,專技高普考其他類科種子集,醫師(ㄧ),6,18,3,3,2,103,105,高考
professional_high_other_seed,專技高普考其他類科種子集,大地工程技師第二階段考試,16,16,4,4,4,105,108,大地工程技師高等考試
professional_high_other_seed,專技高普考其他類科種子集,律師(選試勞動社會法),14,16,2,2,9,105,106,專技高考
professional_high_other_seed,專技高普考其他類科種子集,律師(選試智慧財產法),14,16,2,2,9,105,106,專技高考
professional_high_other_seed,專技高普考其他類科種子集,律師(選試海商法與海洋法),14,16,2,2,9,105,106,專技高考
professional_high_other_seed,專技高普考其他類科種子集,律師(選試財稅法),14,16,2,2,9,105,106,專技高考
professional_high_other_seed,專技高普考其他類科種子集,植物診療師,6,16,1,1,6,114,114,專技高考
professional_high_other_seed,專技高普考其他類科種子集,甲種引水人(和平港),15,15,3,3,5,106,110,引水人高等考試
professional_high_other_seed,專技高普考其他類科種子集,甲種引水人(安平港),15,15,3,3,5,106,112,引水人高等考試
professional_high_other_seed,專技高普考其他類科種子集,專利師(選試專業英文及計算機結,7,14,1,1,7,104,104,專技高考
professional_high_other_seed,專技高普考其他類科種子集,甲種引水人(蘇澳港),10,10,2,2,5,110,112,引水人高等考試
professional_high_other_seed,專技高普考其他類科種子集,大地工程技師（二）,4,4,1,1,4,114,114,專技高考
professional_technical_remaining,其餘專門職業及技術人員考試,不動產經紀人,70,146,14,14,6,100,114,專技普考
professional_technical_remaining,其餘專門職業及技術人員考試,記帳士,70,136,14,14,6,100,114,專技普考
professional_technical_remaining,其餘專門職業及技術人員考試,二等管輪,58,116,12,12,5,100,104,專技普考
professional_technical_remaining,其餘專門職業及技術人員考試,人身保險經紀人,52,114,13,13,4,100,115,保險代理經紀公證人普通考試
professional_technical_remaining,其餘專門職業及技術人員考試,財產保險經紀人,52,112,13,13,4,100,115,保險代理經紀公證人普通考試
professional_technical_remaining,其餘專門職業及技術人員考試,消防設備士,52,111,13,13,4,100,115,消防設備士普通考試
professional_technical_remaining,其餘專門職業及技術人員考試,專責報關人員,52,110,13,13,4,100,115,專責報關人員普通考試
professional_technical_remaining,其餘專門職業及技術人員考試,財產保險代理人,52,109,13,13,4,100,115,保險代理經紀公證人普通考試
professional_technical_remaining,其餘專門職業及技術人員考試,人身保險代理人,52,106,13,13,4,100,115,保險代理經紀公證人普通考試
professional_technical_remaining,其餘專門職業及技術人員考試,牙醫師（二）,44,105,11,11,4,100,105,專技高考
professional_technical_remaining,其餘專門職業及技術人員考試,二等船副,48,96,10,10,5,100,103,專技普考
professional_technical_remaining,其餘專門職業及技術人員考試,海事保險公證人,52,79,13,13,4,100,115,保險代理經紀公證人普通考試
professional_technical_remaining,其餘專門職業及技術人員考試,一般保險公證人,52,75,13,13,4,100,115,保險代理經紀公證人普通考試
professional_technical_remaining,其餘專門職業及技術人員考試,地政士,65,71,13,13,6,100,115,地政士普通考試
professional_technical_remaining,其餘專門職業及技術人員考試,牙醫師（一）,22,54,11,11,2,100,105,專技高考
professional_technical_remaining,其餘專門職業及技術人員考試,藥師（一）,12,31,4,4,3,103,105,專技高考
professional_technical_remaining,其餘專門職業及技術人員考試,牙體技術生,16,28,4,4,4,100,102,相當普考
professional_technical_remaining,其餘專門職業及技術人員考試,護士,12,26,3,3,4,100,101,普考護士
professional_technical_remaining,其餘專門職業及技術人員考試,藥師（二）,9,23,3,3,3,104,105,專技高考
professional_technical_remaining,其餘專門職業及技術人員考試,二等管輪（加註）,4,8,2,2,2,100,101,專技普考
promotion_rank_exam,升官等與升資考試,業務類,117,203,10,29,18,100,114,交通事業郵政人員員級晉高員
promotion_rank_exam,升官等與升資考試,業務類-高公局,75,145,7,18,10,100,111,交通事業公路人員員級晉高員
promotion_rank_exam,升官等與升資考試,業務類-公路總局,72,141,6,18,10,102,111,交通事業公路人員員級晉高員
promotion_rank_exam,升官等與升資考試,業務類-臺灣港務公司,77,134,7,19,12,102,114,交通事業港務人員員級晉高員
promotion_rank_exam,升官等與升資考試,關務類,80,123,8,16,12,100,114,關務人員升官等關務薦任
promotion_rank_exam,升官等與升資考試,會計,68,122,8,13,12,100,114,公務人員升官等公務薦任
promotion_rank_exam,升官等與升資考試,財稅行政,64,118,8,12,12,100,114,公務人員升官等公務薦任
promotion_rank_exam,升官等與升資考試,一般民政,68,108,8,13,12,100,114,公務人員升官等公務薦任
promotion_rank_exam,升官等與升資考試,一般行政,68,108,8,13,12,100,114,公務人員升官等公務薦任
promotion_rank_exam,升官等與升資考試,人事行政,68,108,8,13,13,100,114,公務人員升官等公務薦任
promotion_rank_exam,升官等與升資考試,法制,68,108,8,13,12,100,114,公務人員升官等公務薦任
promotion_rank_exam,升官等與升資考試,業務類-航港局,60,105,7,14,11,102,114,交通事業港務人員員級晉高員
promotion_rank_exam,升官等與升資考試,司法行政,68,100,8,13,12,100,114,公務人員升官等公務薦任
promotion_rank_exam,升官等與升資考試,教育行政,68,100,8,13,12,100,114,公務人員升官等公務薦任
promotion_rank_exam,升官等與升資考試,交通行政,60,98,8,11,12,100,114,公務人員升官等公務薦任
promotion_rank_exam,升官等與升資考試,外交事務,60,98,8,11,12,100,114,公務人員升官等公務薦任
promotion_rank_exam,升官等與升資考試,商業行政,52,96,8,9,12,100,114,公務人員升官等公務薦任
promotion_rank_exam,升官等與升資考試,安全保防,64,95,8,12,12,100,114,公務人員升官等公務薦任
promotion_rank_exam,升官等與升資考試,戶政,64,95,8,12,12,100,114,公務人員升官等公務薦任
promotion_rank_exam,升官等與升資考試,社會行政,64,95,8,12,12,100,114,公務人員升官等公務薦任
promotion_rank_exam,升官等與升資考試,審計,56,91,8,10,13,100,114,公務人員升官等公務薦任
promotion_rank_exam,升官等與升資考試,交通技術,68,90,8,13,12,100,114,公務人員升官等公務薦任
promotion_rank_exam,升官等與升資考試,原住民族行政,60,90,8,11,12,100,114,公務人員升官等公務薦任
promotion_rank_exam,升官等與升資考試,土木工程,68,90,8,13,13,100,114,公務人員升官等公務薦任
promotion_rank_exam,升官等與升資考試,建築工程,68,90,8,13,12,100,114,公務人員升官等公務薦任
promotion_rank_exam,升官等與升資考試,林業技術,68,90,8,13,13,100,114,公務人員升官等公務薦任
promotion_rank_exam,升官等與升資考試,水利工程,68,90,8,13,12,100,114,公務人員升官等公務薦任
promotion_rank_exam,升官等與升資考試,水土保持工程,68,90,8,13,12,100,114,公務人員升官等公務薦任
promotion_rank_exam,升官等與升資考試,經建行政,68,90,8,13,12,100,114,公務人員升官等公務薦任
promotion_rank_exam,升官等與升資考試,衛生技術,68,90,8,13,12,100,114,公務人員升官等公務薦任
promotion_rank_exam,升官等與升資考試,資訊處理,68,90,8,13,12,100,114,公務人員升官等公務薦任
promotion_rank_exam,升官等與升資考試,都市計畫技術,68,90,8,13,13,100,114,公務人員升官等公務薦任
promotion_rank_exam,升官等與升資考試,金融保險,68,90,8,13,12,100,114,公務人員升官等公務薦任
promotion_rank_exam,升官等與升資考試,勞工行政,56,85,8,10,12,100,114,公務人員升官等公務薦任
promotion_rank_exam,升官等與升資考試,文化行政,64,85,8,12,12,100,114,公務人員升官等公務薦任
promotion_rank_exam,升官等與升資考試,機械工程,64,85,8,12,13,100,114,公務人員升官等公務薦任
promotion_rank_exam,升官等與升資考試,環保技術,64,85,8,12,12,100,114,公務人員升官等公務薦任
promotion_rank_exam,升官等與升資考試,環境工程,64,85,8,12,14,100,114,公務人員升官等公務薦任
promotion_rank_exam,升官等與升資考試,社會工作,56,85,8,10,12,100,114,公務人員升官等公務薦任
promotion_rank_exam,升官等與升資考試,衛生行政,64,85,8,12,12,100,114,公務人員升官等公務薦任
promotion_rank_exam,升官等與升資考試,警察行政,56,85,8,10,14,100,114,公務人員升官等公務薦任
promotion_rank_exam,升官等與升資考試,農業技術,64,85,8,12,12,100,114,公務人員升官等公務薦任
promotion_rank_exam,升官等與升資考試,電力工程,64,85,8,12,12,100,114,公務人員升官等公務薦任
promotion_rank_exam,升官等與升資考試,電子工程,64,85,8,12,12,100,114,公務人員升官等公務薦任
promotion_rank_exam,升官等與升資考試,廉政,58,84,7,11,11,102,114,公務人員升官等公務薦任
promotion_rank_exam,升官等與升資考試,智慧財產行政,48,83,8,8,8,100,114,公務人員升官等公務薦任
promotion_rank_exam,升官等與升資考試,獸醫,62,82,7,12,12,100,114,公務人員升官等公務薦任
promotion_rank_exam,升官等與升資考試,化學工程,60,80,8,11,14,100,114,公務人員升官等公務薦任
promotion_rank_exam,升官等與升資考試,園藝,60,80,8,11,12,100,114,公務人員升官等公務薦任
promotion_rank_exam,升官等與升資考試,地政,60,80,8,11,12,100,114,公務人員升官等公務薦任
promotion_rank_exam,升官等與升資考試,情報行政,60,80,8,11,11,100,114,公務人員升官等公務薦任
promotion_rank_exam,升官等與升資考試,新聞,60,80,8,11,12,100,114,公務人員升官等公務薦任
promotion_rank_exam,升官等與升資考試,氣象,60,80,8,11,12,100,114,公務人員升官等公務薦任
promotion_rank_exam,升官等與升資考試,水產技術,60,80,8,11,12,100,114,公務人員升官等公務薦任
promotion_rank_exam,升官等與升資考試,海巡行政,52,80,8,9,15,100,114,公務人員升官等公務薦任
promotion_rank_exam,升官等與升資考試,物理,60,80,8,11,12,100,114,公務人員升官等公務薦任
promotion_rank_exam,升官等與升資考試,矯正,60,80,8,11,12,100,114,公務人員升官等公務薦任
promotion_rank_exam,升官等與升資考試,農業行政,52,80,8,9,12,100,114,公務人員升官等公務薦任
promotion_rank_exam,升官等與升資考試,行政警察人員,42,76,7,7,7,101,113,警察人員警正
promotion_rank_exam,升官等與升資考試,環保行政,56,75,8,10,12,100,114,公務人員升官等公務薦任
promotion_rank_exam,升官等與升資考試,統計,56,75,8,10,13,100,114,公務人員升官等公務薦任
promotion_rank_exam,升官等與升資考試,僑務行政,42,72,7,7,8,100,114,公務人員升官等公務薦任
promotion_rank_exam,升官等與升資考試,電信工程,54,72,8,10,12,100,114,公務人員升官等公務薦任
promotion_rank_exam,升官等與升資考試,圖書資訊管理,52,70,8,9,12,100,114,公務人員升官等公務薦任
promotion_rank_exam,升官等與升資考試,海巡技術,52,70,8,9,15,100,114,公務人員升官等公務薦任
promotion_rank_exam,升官等與升資考試,消防技術,52,70,8,9,12,100,114,公務人員升官等公務薦任
promotion_rank_exam,升官等與升資考試,航空管制,52,70,8,9,13,100,114,公務人員升官等公務薦任
promotion_rank_exam,升官等與升資考試,海岸巡防人員,42,67,7,7,7,101,113,警察人員警正
promotion_rank_exam,升官等與升資考試,消防人員,42,66,7,7,7,101,113,警察人員警正
promotion_rank_exam,升官等與升資考試,移民行政,42,66,7,7,8,102,114,公務人員升官等公務薦任
promotion_rank_exam,升官等與升資考試,藥事,50,66,7,10,12,100,112,公務人員升官等公務薦任
promotion_rank_exam,升官等與升資考試,測量製圖,48,65,8,8,10,100,114,公務人員升官等公務薦任
promotion_rank_exam,升官等與升資考試,環境檢驗,48,65,8,8,8,100,114,公務人員升官等公務薦任
promotion_rank_exam,升官等與升資考試,畜牧技術,50,65,5,10,11,100,108,公務薦任
promotion_rank_exam,升官等與升資考試,技術類（選試化學程序工業）,42,63,7,7,7,100,114,關務人員升官等關務薦任
promotion_rank_exam,升官等與升資考試,技術類（選試機械設計）,42,63,7,7,7,100,114,關務人員升官等關務薦任
promotion_rank_exam,升官等與升資考試,技術類（選試系統分析）,42,63,7,7,7,100,114,關務人員升官等關務薦任
promotion_rank_exam,升官等與升資考試,技術類（選試電機機械）,42,63,7,7,7,100,114,關務人員升官等關務薦任
promotion_rank_exam,升官等與升資考試,商品檢驗,46,62,7,8,12,100,114,公務人員升官等公務薦任
promotion_rank_exam,升官等與升資考試,技藝,46,62,7,8,12,100,114,公務人員升官等公務薦任
promotion_rank_exam,升官等與升資考試,視聽製作,46,62,7,8,12,100,112,公務人員升官等公務薦任
promotion_rank_exam,升官等與升資考試,植物病蟲害防治,46,61,6,9,11,100,112,公務人員升官等公務薦任
promotion_rank_exam,升官等與升資考試,礦冶材料,46,60,5,9,11,100,108,公務薦任
promotion_rank_exam,升官等與升資考試,景觀設計,44,58,6,8,12,100,114,公務人員升官等公務薦任
promotion_rank_exam,升官等與升資考試,博物館管理,42,57,7,7,8,100,112,公務人員升官等公務薦任
promotion_rank_exam,升官等與升資考試,檔案管理,42,57,7,7,8,100,114,公務人員升官等公務薦任
promotion_rank_exam,升官等與升資考試,衛生檢驗,42,55,5,8,12,100,114,公務薦任
promotion_rank_exam,升官等與升資考試,技術類（選試船舶管理與安全）,36,54,6,6,7,102,114,關務人員升官等關務薦任
promotion_rank_exam,升官等與升資考試,技術類(選試交通工程學)-高公局,35,51,7,7,5,100,111,交通事業公路人員員級晉高員
promotion_rank_exam,升官等與升資考試,技術類(選試結構學)-高公局,35,51,7,7,5,100,111,交通事業公路人員員級晉高員
promotion_rank_exam,升官等與升資考試,原子能,38,50,6,8,11,100,110,公務簡任
promotion_rank_exam,升官等與升資考試,工業工程,38,49,6,8,12,100,112,公務簡任
promotion_rank_exam,升官等與升資考試,醫務管理,36,49,6,6,7,100,110,公務人員升官等公務薦任
promotion_rank_exam,升官等與升資考試,天文,36,48,6,6,8,100,114,公務人員升官等公務薦任
promotion_rank_exam,升官等與升資考試,工業安全,34,45,5,6,11,100,108,公務薦任
promotion_rank_exam,升官等與升資考試,技術類（選試船舶通訊）,30,45,5,5,7,104,114,關務人員升官等關務薦任
promotion_rank_exam,升官等與升資考試,技術類(選試機械設計)-公路總局,30,44,6,6,5,102,111,交通事業公路人員員級晉高員
promotion_rank_exam,升官等與升資考試,技術類(選試機械設計)-高公局,30,44,6,6,5,100,111,交通事業公路人員員級晉高員
promotion_rank_exam,升官等與升資考試,技術類(選試結構學)-公路總局,30,44,6,6,5,102,111,交通事業公路人員員級晉高員
promotion_rank_exam,升官等與升資考試,企業管理,32,43,6,6,11,102,114,公務人員升官等公務薦任
promotion_rank_exam,升官等與升資考試,技術類(選試輪機工程)-航港局,30,43,6,6,6,102,112,交通事業港務人員員級晉高員
promotion_rank_exam,升官等與升資考試,技術類(選試電機機械)-航港局,30,43,6,6,6,102,112,交通事業港務人員員級晉高員
promotion_rank_exam,升官等與升資考試,結構工程,32,42,6,7,11,100,110,公務簡任
promotion_rank_exam,升官等與升資考試,技術類(選試電機機械概要),20,40,5,5,5,102,114,交通事業郵政人員佐級晉員級
promotion_rank_exam,升官等與升資考試,消防行政,30,40,5,5,7,100,108,公務薦任
promotion_rank_exam,升官等與升資考試,自然保育,30,40,5,5,8,100,114,公務人員升官等公務薦任
promotion_rank_exam,升官等與升資考試,技術類(選試電路學)-公路總局,25,37,5,5,5,102,111,交通事業公路人員員級晉高員
promotion_rank_exam,升官等與升資考試,技術類(選試港埠工程)-臺灣港務公司,25,36,5,5,6,106,114,交通事業港務人員員級晉高員
promotion_rank_exam,升官等與升資考試,技術類(選試港埠工程)-航港局,25,36,5,5,6,102,112,交通事業港務人員員級晉高員
promotion_rank_exam,升官等與升資考試,技術類(選試航海學)-臺灣港務公司,25,36,5,5,6,106,114,交通事業港務人員員級晉高員
promotion_rank_exam,升官等與升資考試,技術類(選試航海學)-航港局,25,36,5,5,6,104,114,交通事業港務人員員級晉高員
promotion_rank_exam,升官等與升資考試,技術類（選試紡織品檢驗及品質管制學）,24,36,4,4,7,108,114,關務人員升官等關務薦任
promotion_rank_exam,升官等與升資考試,技術類（選試輪機管理與安全）,24,36,4,4,6,102,110,關務人員升官等關務薦任
promotion_rank_exam,升官等與升資考試,技術類(選試營建法規與結構學),25,35,5,5,6,100,112,交通事業鐵路人員員級晉高員
promotion_rank_exam,升官等與升資考試,技術類(選試運轉理論),25,35,5,5,6,100,112,交通事業鐵路人員員級晉高員
promotion_rank_exam,升官等與升資考試,技術類(選試鐵路工程),25,35,5,5,6,100,112,交通事業鐵路人員員級晉高員
promotion_rank_exam,升官等與升資考試,技術類(選試電工原理),25,35,5,5,6,100,112,交通事業鐵路人員員級晉高員
promotion_rank_exam,升官等與升資考試,地質,26,34,4,5,11,100,106,公務薦任
promotion_rank_exam,升官等與升資考試,技術類(選試機械原理概要),16,33,4,4,4,102,111,交通事業郵政人員佐級晉員級
promotion_rank_exam,升官等與升資考試,技術類(選試機械設計),21,32,4,4,9,102,111,關務人員升官等薦任
promotion_rank_exam,升官等與升資考試,技術類(選試港埠工程概要)-臺灣港務公司,20,31,5,5,5,106,114,交通事業港務人員佐級晉員級
promotion_rank_exam,升官等與升資考試,技術類(選試電工原理大意),18,31,6,6,4,100,112,交通事業鐵路人員士級晉佐級
promotion_rank_exam,升官等與升資考試,技術類(選試電機機械),21,31,4,4,10,102,114,關務人員升官等薦任
promotion_rank_exam,升官等與升資考試,技術類(選試交通工程學)-公路總局,20,30,4,4,5,106,111,交通事業公路人員員級晉高員
promotion_rank_exam,升官等與升資考試,技術類(選試運轉理論概要),20,30,5,5,5,100,112,交通事業鐵路人員佐級晉員級
promotion_rank_exam,升官等與升資考試,技術類(選試鐵路動力車與車輛構造及原理概要),20,30,5,5,5,100,112,交通事業鐵路人員佐級晉員級
promotion_rank_exam,升官等與升資考試,技術類(選試鐵路工程概要),20,30,5,5,5,100,112,交通事業鐵路人員佐級晉員級
promotion_rank_exam,升官等與升資考試,技術類(選試電工原理概要),20,30,5,5,5,100,112,交通事業鐵路人員佐級晉員級
promotion_rank_exam,升官等與升資考試,技術類(選試營建法規),20,29,4,4,5,102,111,交通事業郵政人員員級晉高員
promotion_rank_exam,升官等與升資考試,技術類(選試輪機工程)-臺灣港務公司,20,29,4,4,6,106,114,交通事業港務人員員級晉高員
promotion_rank_exam,升官等與升資考試,技術類(選試輪機管理與安全)-臺灣港務公司,20,29,4,4,6,108,114,交通事業港務人員員級晉高員
promotion_rank_exam,升官等與升資考試,技術類(選試電路學)-高公局,20,29,4,4,5,100,110,交通事業公路人員員級晉高員
promotion_rank_exam,升官等與升資考試,醫學工程,22,29,4,4,11,100,108,公務薦任
promotion_rank_exam,升官等與升資考試,技術類(選試鐵路動力車與車輛構造及原理),20,28,4,4,5,100,109,交通事業鐵路人員員級晉高員
promotion_rank_exam,升官等與升資考試,技術類(選試交通工程學概要)-公路總局,16,26,4,4,4,106,111,交通事業公路人員佐級晉員級
promotion_rank_exam,升官等與升資考試,技術類(選試機械原理概要)-公路總局,16,26,4,4,4,106,111,交通事業公路人員佐級晉員級
promotion_rank_exam,升官等與升資考試,技術類(選試結構學概要)-公路總局,16,26,4,4,4,106,111,交通事業公路人員佐級晉員級
promotion_rank_exam,升官等與升資考試,動物技術,18,25,3,3,7,110,114,公務人員升官等公務薦任
promotion_rank_exam,升官等與升資考試,技術類(選試輪機工程概要)-臺灣港務公司,16,25,4,4,5,106,112,交通事業港務人員佐級晉員級
promotion_rank_exam,升官等與升資考試,技術類(選試運轉理論大意),15,25,5,5,4,100,112,交通事業鐵路人員士級晉佐級
promotion_rank_exam,升官等與升資考試,技術類（選試系統分析研究）,20,25,5,5,4,100,114,關務人員升官等關務簡任
promotion_rank_exam,升官等與升資考試,消防與災害防救,18,25,3,3,7,110,114,公務人員升官等公務薦任
promotion_rank_exam,升官等與升資考試,職業安全衛生,18,25,3,3,7,110,114,公務人員升官等公務薦任
promotion_rank_exam,升官等與升資考試,史料編纂,18,24,3,3,7,100,104,公務薦任
promotion_rank_exam,升官等與升資考試,技術類(選試營建法規概要),12,24,3,3,4,102,108,佐級晉員級
promotion_rank_exam,升官等與升資考試,技術類(選試營建法規與結構學概要),16,24,4,4,5,103,112,交通事業鐵路人員佐級晉員級
promotion_rank_exam,升官等與升資考試,技術類(選試資訊管理與資通安全概要),16,24,4,4,5,103,112,交通事業鐵路人員佐級晉員級
promotion_rank_exam,升官等與升資考試,技術類(選試資訊管理與資通安全)-公路總局,15,22,3,3,5,106,110,交通事業公路人員員級晉高員
promotion_rank_exam,升官等與升資考試,技術類(選試資訊管理與資通安全)-高公局,15,22,3,3,5,106,110,交通事業公路人員員級晉高員
promotion_rank_exam,升官等與升資考試,業務類-公路,12,22,1,3,10,100,100,員晉高員
promotion_rank_exam,升官等與升資考試,技術類(選試資訊系統與分析),15,21,3,3,5,102,108,交通事業郵政人員員級晉高員
promotion_rank_exam,升官等與升資考試,技術類(選試公路工程大意)-公路總局,12,20,4,4,3,106,111,交通事業公路人員士級晉佐級
promotion_rank_exam,升官等與升資考試,技術類(選試土木施工法大意)-臺灣港務公司,12,20,4,4,4,106,112,交通事業港務人員士級晉佐級
promotion_rank_exam,升官等與升資考試,技術類(選試機具維修與作業安全)-臺灣港務公司,12,20,4,4,4,106,112,交通事業港務人員士級晉佐級
promotion_rank_exam,升官等與升資考試,技術類(選試機械原理大意)-公路總局,12,20,4,4,3,106,111,交通事業公路人員士級晉佐級
promotion_rank_exam,升官等與升資考試,技術類(選試鐵路動力車與車輛構造及原理大意),12,20,4,4,3,100,109,交通事業鐵路人員士級晉佐級
promotion_rank_exam,升官等與升資考試,技術類(選試鐵路工程大意),12,20,4,4,3,100,109,交通事業鐵路人員士級晉佐級
promotion_rank_exam,升官等與升資考試,業務類-基隆,12,20,1,3,10,100,100,員晉高員
promotion_rank_exam,升官等與升資考試,業務類-臺中,12,20,1,3,10,100,100,員晉高員
promotion_rank_exam,升官等與升資考試,業務類-花蓮,12,20,1,3,10,100,100,員晉高員
promotion_rank_exam,升官等與升資考試,業務類-高雄,12,20,1,3,10,100,100,員晉高員
promotion_rank_exam,升官等與升資考試,消費者保護,12,20,2,2,7,100,102,公務薦任
promotion_rank_exam,升官等與升資考試,技術類(選試航海學概要)-臺灣港務公司,12,19,3,3,4,106,110,交通事業港務人員佐級晉員級
promotion_rank_exam,升官等與升資考試,技術類(選試航行安全與氣象概要)-臺灣港務公司,12,19,3,3,4,106,110,交通事業港務人員佐級晉員級
promotion_rank_exam,升官等與升資考試,技術類(選試電機機械概要)-臺灣港務公司,12,19,3,3,5,106,112,交通事業港務人員佐級晉員級
promotion_rank_exam,升官等與升資考試,技術類(選試電路學概要)-高公局,12,19,3,3,4,106,110,交通事業公路人員佐級晉員級
promotion_rank_exam,升官等與升資考試,技術類(資訊管理與..)-公總,12,18,1,3,10,104,104,公路員級晉高員
promotion_rank_exam,升官等與升資考試,工業行政,12,16,2,2,7,104,114,公務人員升官等公務薦任
promotion_rank_exam,升官等與升資考試,技術類,9,16,3,3,3,102,108,士級晉佐級
promotion_rank_exam,升官等與升資考試,技術類(選試機械設計)-航港局,10,15,2,2,5,106,110,交通事業港務人員員級晉高員
promotion_rank_exam,升官等與升資考試,技術類(選試電工原理大意)-臺灣港務公司,9,15,3,3,3,106,110,交通事業港務人員士級晉佐級
promotion_rank_exam,升官等與升資考試,技術類(選試電機機械)-臺灣港務公司,10,15,2,2,5,106,110,交通事業港務人員員級晉高員
promotion_rank_exam,升官等與升資考試,技術類（選試化學程序工業研究）,12,15,3,3,4,104,114,關務人員升官等關務簡任
promotion_rank_exam,升官等與升資考試,政風,10,15,1,2,10,100,100,薦任
promotion_rank_exam,升官等與升資考試,航空駕駛,12,15,3,3,4,102,108,公務人員升官等公務簡任
promotion_rank_exam,升官等與升資考試,技術類(選試機械設計)-臺灣港務公司,10,14,2,2,5,112,114,交通事業港務人員員級晉高員
promotion_rank_exam,升官等與升資考試,技術類(選試結構學),10,14,2,2,5,102,105,員級晉高員級
promotion_rank_exam,升官等與升資考試,技術類(選試航行安全與氣象)-臺灣港務公司,10,14,2,2,6,108,114,交通事業港務人員員級晉高員
promotion_rank_exam,升官等與升資考試,技術類(選試資訊管理與資通安全),10,14,2,2,6,103,112,交通事業鐵路人員員級晉高員
promotion_rank_exam,升官等與升資考試,技術類(航海學概要)-航港局,8,13,2,2,4,102,104,港務佐級晉員級
promotion_rank_exam,升官等與升資考試,技術類(選試機械設計概要)-臺灣港務公司,8,13,2,2,4,106,108,交通事業港務人員佐級晉員級
promotion_rank_exam,升官等與升資考試,技術類(選試航海學概要)-航港局,8,13,2,2,4,106,108,交通事業港務人員佐級晉員級
promotion_rank_exam,升官等與升資考試,技術類(選試輪機工程概要)-航港局,8,13,2,2,4,106,108,交通事業港務人員佐級晉員級
promotion_rank_exam,升官等與升資考試,技術類(選試電路學概要)-公路總局,8,13,2,2,4,106,108,交通事業公路人員佐級晉員級
promotion_rank_exam,升官等與升資考試,技術類(選試交通工程學概要)-高公局,8,12,2,2,4,100,106,交通事業公路人員佐級晉員級
promotion_rank_exam,升官等與升資考試,技術類(選試機械原理概要)-高公局,8,12,2,2,4,100,106,交通事業公路人員佐級晉員級
promotion_rank_exam,升官等與升資考試,技術類(航行安全與..)-港務,7,11,1,2,7,104,104,港務佐級晉員級
promotion_rank_exam,升官等與升資考試,技術類(輪機管理與..)-港務,7,11,1,2,7,104,104,港務佐級晉員級
promotion_rank_exam,升官等與升資考試,技術類(輪機維修大意)-航港局,6,11,2,2,3,102,104,港務士級晉佐級
promotion_rank_exam,升官等與升資考試,技術類(電工原理大意)-航港局,6,11,2,2,3,102,104,港務士級晉佐級
promotion_rank_exam,升官等與升資考試,技術類(選試化學程序工業),6,10,1,1,6,106,106,關務人員升官等薦任
promotion_rank_exam,升官等與升資考試,技術類(選試機具維修與作業安全)-航港局,6,10,2,2,3,106,108,交通事業港務人員士級晉佐級
promotion_rank_exam,升官等與升資考試,技術類(選試系統分析),6,10,1,1,6,106,106,關務人員升官等薦任
promotion_rank_exam,升官等與升資考試,技術類(選試紡織品檢驗及品質管制學),6,10,1,1,6,106,106,關務人員升官等薦任
promotion_rank_exam,升官等與升資考試,技術類(選試船舶管理與安全),6,10,1,1,6,106,106,關務人員升官等薦任
promotion_rank_exam,升官等與升資考試,技術類(選試船舶通訊),6,10,1,1,6,106,106,關務人員升官等薦任
promotion_rank_exam,升官等與升資考試,技術類(選試資訊管理與資通安全大意),6,10,2,2,3,103,106,交通事業鐵路人員士級晉佐級
promotion_rank_exam,升官等與升資考試,技術類(選試電路學大意)-公路總局,6,10,2,2,3,106,108,交通事業公路人員士級晉佐級
promotion_rank_exam,升官等與升資考試,技術類（選試機械設計學研究）,8,10,2,2,4,110,112,關務人員升官等關務簡任
promotion_rank_exam,升官等與升資考試,技術類（選試電機機械研究）,8,10,2,2,4,102,108,關務人員升官等關務簡任
promotion_rank_exam,升官等與升資考試,農業化學,8,10,2,2,4,106,108,公務人員升官等公務簡任
promotion_rank_exam,升官等與升資考試,技術類(選試結構學概要),4,9,1,1,4,102,102,佐級晉員級
promotion_rank_exam,升官等與升資考試,技術類紡織品檢驗及品質管制學,6,9,1,1,6,100,100,薦任
promotion_rank_exam,升官等與升資考試,技術類（紡織品檢驗及品質..）,6,9,1,1,6,104,104,關務薦任
promotion_rank_exam,升官等與升資考試,技術類（選試紡織品檢驗...),6,9,1,1,6,102,102,關務薦任
promotion_rank_exam,升官等與升資考試,技術類（選試船舶管理及安全）,6,9,1,1,6,100,100,薦任
promotion_rank_exam,升官等與升資考試,技術類(選試資訊管理與資通安全)-公總,5,8,1,1,5,111,111,交通事業公路人員員級晉高員
promotion_rank_exam,升官等與升資考試,技術類(選試資訊管理與資通安全)-高公,5,8,1,1,5,111,111,交通事業公路人員員級晉高員
promotion_rank_exam,升官等與升資考試,船舶駕駛,6,8,1,1,6,108,108,公務人員升官等公務薦任
promotion_rank_exam,升官等與升資考試,,7,7,1,5,4,102,102,
promotion_rank_exam,升官等與升資考試,技術類(交通工程學)-公路總局,5,7,1,1,5,104,104,公路員級晉高員
promotion_rank_exam,升官等與升資考試,技術類(機械設計概要)-航港局,4,7,1,1,4,102,102,佐級晉員級
promotion_rank_exam,升官等與升資考試,技術類(港埠工程概要)-航港局,4,7,1,1,4,102,102,佐級晉員級
promotion_rank_exam,升官等與升資考試,技術類(航海學)-臺灣港務公司,5,7,1,1,5,104,104,港務員級晉高員
promotion_rank_exam,升官等與升資考試,技術類(航行安全與氣象)-港務,5,7,1,1,5,104,104,港務員級晉高員
promotion_rank_exam,升官等與升資考試,技術類(航行安全與氣象概要),4,7,1,1,4,102,102,佐級晉員級
promotion_rank_exam,升官等與升資考試,技術類(資訊管理與..)-高公,5,7,1,1,5,104,104,公路員級晉高員
promotion_rank_exam,升官等與升資考試,技術類(輪機工程概要)-航港局,4,7,1,1,4,102,102,佐級晉員級
promotion_rank_exam,升官等與升資考試,技術類(輪機管理與安全)-港務,5,7,1,1,5,104,104,港務員級晉高員
promotion_rank_exam,升官等與升資考試,技術類(輪機管理與安全概要),4,7,1,1,4,102,102,佐級晉員級
promotion_rank_exam,升官等與升資考試,技術類(選試交通工程學),5,7,1,1,5,102,102,員級晉高員
promotion_rank_exam,升官等與升資考試,技術類(選試交通工程學)－公路,5,7,1,1,5,100,100,員晉高員
promotion_rank_exam,升官等與升資考試,技術類(選試交通工程學概要),4,7,1,1,4,102,102,佐級晉員級
promotion_rank_exam,升官等與升資考試,技術類(選試機械設計)-公路,5,7,1,1,5,100,100,員晉高員
promotion_rank_exam,升官等與升資考試,技術類(選試機械設計)-基隆,5,7,1,1,5,100,100,員晉高員
promotion_rank_exam,升官等與升資考試,技術類(選試機械設計)-臺中,5,7,1,1,5,100,100,員晉高員
promotion_rank_exam,升官等與升資考試,技術類(選試機械設計)-臺灣港務,5,7,1,1,5,104,104,港務員級晉高員
promotion_rank_exam,升官等與升資考試,技術類(選試機械設計概要),4,7,1,1,4,102,102,佐級晉員級
promotion_rank_exam,升官等與升資考試,技術類(選試港埠工程),5,7,1,1,5,102,102,員級晉高員
promotion_rank_exam,升官等與升資考試,技術類(選試港埠工程)-基隆,5,7,1,1,5,100,100,員晉高員
promotion_rank_exam,升官等與升資考試,技術類(選試港埠工程)-臺中,5,7,1,1,5,100,100,員晉高員
promotion_rank_exam,升官等與升資考試,技術類(選試港埠工程)-臺灣港務,5,7,1,1,5,104,104,港務員級晉高員
promotion_rank_exam,升官等與升資考試,技術類(選試港埠工程)-高雄,5,7,1,1,5,100,100,員晉高員
promotion_rank_exam,升官等與升資考試,技術類(選試港埠工程概要),4,7,1,1,4,102,102,佐級晉員級
promotion_rank_exam,升官等與升資考試,技術類(選試結構學)-公路,5,7,1,1,5,100,100,員晉高員
promotion_rank_exam,升官等與升資考試,技術類(選試航海學),5,7,1,1,5,102,102,員級晉高員
promotion_rank_exam,升官等與升資考試,技術類(選試航海學)-基隆,5,7,1,1,5,100,100,員晉高員
promotion_rank_exam,升官等與升資考試,技術類(選試航海學)-臺中,5,7,1,1,5,100,100,員晉高員
promotion_rank_exam,升官等與升資考試,技術類(選試航海學)-花蓮,5,7,1,1,5,100,100,員晉高員
promotion_rank_exam,升官等與升資考試,技術類(選試航海學)-高雄,5,7,1,1,5,100,100,員晉高員
promotion_rank_exam,升官等與升資考試,技術類(選試航海學概要),4,7,1,1,4,102,102,佐級晉員級
promotion_rank_exam,升官等與升資考試,技術類(選試航行安全與氣象),5,7,1,1,5,102,102,員級晉高員
promotion_rank_exam,升官等與升資考試,技術類(選試航行安全與氣象)-基隆,5,7,1,1,5,100,100,員晉高員
promotion_rank_exam,升官等與升資考試,技術類(選試航行安全與氣象)-高雄,5,7,1,1,5,100,100,員晉高員
promotion_rank_exam,升官等與升資考試,技術類(選試資訊管理與資通安全概要)-公路總局,4,7,1,1,4,108,108,交通事業公路人員佐級晉員級
promotion_rank_exam,升官等與升資考試,技術類(選試輪機工程),5,7,1,1,5,102,102,員級晉高員
promotion_rank_exam,升官等與升資考試,技術類(選試輪機工程)-基隆,5,7,1,1,5,100,100,員晉高員
promotion_rank_exam,升官等與升資考試,技術類(選試輪機工程)-臺中,5,7,1,1,5,100,100,員晉高員
promotion_rank_exam,升官等與升資考試,技術類(選試輪機工程)-花蓮,5,7,1,1,5,100,100,員晉高員
promotion_rank_exam,升官等與升資考試,技術類(選試輪機工程概要),4,7,1,1,4,102,102,佐級晉員級
promotion_rank_exam,升官等與升資考試,技術類(選試輪機管理與安全)-高雄,5,7,1,1,5,100,100,員晉高員
promotion_rank_exam,升官等與升資考試,技術類(選試鐵路動力車與車輛...原理),5,7,1,1,5,112,112,交通事業鐵路人員員級晉高員
promotion_rank_exam,升官等與升資考試,技術類(選試電機機械)-基隆,5,7,1,1,5,100,100,員晉高員
promotion_rank_exam,升官等與升資考試,技術類(選試電機機械)-高雄,5,7,1,1,5,100,100,員晉高員
promotion_rank_exam,升官等與升資考試,技術類(選試電路學)-公路,5,7,1,1,5,100,100,員晉高員
promotion_rank_exam,升官等與升資考試,技術類(選試電路學概要),4,7,1,1,4,102,102,佐級晉員級
promotion_rank_exam,升官等與升資考試,技術類(交通工程學概要)-公總,4,6,1,1,4,104,104,公路佐級晉員級
promotion_rank_exam,升官等與升資考試,技術類(交通工程學概要)-高公,4,6,1,1,4,104,104,公路佐級晉員級
promotion_rank_exam,升官等與升資考試,技術類(機具維修與作業安全),3,6,1,1,3,102,102,士級晉佐級
promotion_rank_exam,升官等與升資考試,技術類(機械原理概要)-公總,4,6,1,1,4,104,104,公路佐級晉員級
promotion_rank_exam,升官等與升資考試,技術類(機械設計概要)-港務,4,6,1,1,4,104,104,港務佐級晉員級
promotion_rank_exam,升官等與升資考試,技術類(港埠工程概要)-港務,4,6,1,1,4,104,104,港務佐級晉員級
promotion_rank_exam,升官等與升資考試,技術類(航海學概要)-港務公司,4,6,1,1,4,104,104,港務佐級晉員級
promotion_rank_exam,升官等與升資考試,技術類(航行安全與氣象大意),3,6,1,1,3,102,102,士級晉佐級
promotion_rank_exam,升官等與升資考試,技術類(資訊管理與資通安全概要)-公路總局,4,6,1,1,4,106,106,交通事業公路人員佐級晉員級
promotion_rank_exam,升官等與升資考試,技術類(輪機工程概要)-港務,4,6,1,1,4,104,104,港務佐級晉員級
promotion_rank_exam,升官等與升資考試,技術類(輪機管理與安全大意),3,6,1,1,3,102,102,士級晉佐級
promotion_rank_exam,升官等與升資考試,技術類(輪機管理與安全概要)-臺灣港務公司,4,6,1,1,4,106,106,交通事業港務人員佐級晉員級
promotion_rank_exam,升官等與升資考試,技術類(選試交通工程學概要)-公路,4,6,1,1,4,100,100,佐晉員
promotion_rank_exam,升官等與升資考試,技術類(選試公路工程大意),3,6,1,1,3,102,102,士級晉佐級
promotion_rank_exam,升官等與升資考試,技術類(選試土木施工法大意),3,6,1,1,3,102,102,士級晉佐級
promotion_rank_exam,升官等與升資考試,技術類(選試機械原理大意),3,6,1,1,3,102,102,士級晉佐級
promotion_rank_exam,升官等與升資考試,技術類(選試機械原理概要)-公路,4,6,1,1,4,100,100,佐晉員
promotion_rank_exam,升官等與升資考試,技術類(選試機械設計概要)-基隆,4,6,1,1,4,100,100,佐晉員
promotion_rank_exam,升官等與升資考試,技術類(選試機械設計概要)-航港局,4,6,1,1,4,106,106,交通事業港務人員佐級晉員級
promotion_rank_exam,升官等與升資考試,技術類(選試機械設計概要)-高雄,4,6,1,1,4,100,100,佐晉員
promotion_rank_exam,升官等與升資考試,技術類(選試港埠工程概要)-基隆,4,6,1,1,4,100,100,佐晉員
promotion_rank_exam,升官等與升資考試,技術類(選試港埠工程概要)-臺中,4,6,1,1,4,100,100,佐晉員
promotion_rank_exam,升官等與升資考試,技術類(選試港埠工程概要)-花蓮,4,6,1,1,4,100,100,佐晉員
promotion_rank_exam,升官等與升資考試,技術類(選試港埠工程概要)-高雄,4,6,1,1,4,100,100,佐晉員
promotion_rank_exam,升官等與升資考試,技術類(選試結構學概要)-公路,4,6,1,1,4,100,100,佐晉員
promotion_rank_exam,升官等與升資考試,技術類(選試結構學概要)-高公局,4,6,1,1,4,100,100,佐晉員
promotion_rank_exam,升官等與升資考試,技術類(選試航海學大意),3,6,1,1,3,102,102,士級晉佐級
promotion_rank_exam,升官等與升資考試,技術類(選試航海學概要)-基隆,4,6,1,1,4,100,100,佐晉員
promotion_rank_exam,升官等與升資考試,技術類(選試航海學概要)-臺中,4,6,1,1,4,100,100,佐晉員
promotion_rank_exam,升官等與升資考試,技術類(選試航海學概要)-花蓮,4,6,1,1,4,100,100,佐晉員
promotion_rank_exam,升官等與升資考試,技術類(選試航行安全與氣象概要)-基隆,4,6,1,1,4,100,100,佐晉員
promotion_rank_exam,升官等與升資考試,技術類(選試航行安全與氣象概要)-臺中,4,6,1,1,4,100,100,佐晉員
promotion_rank_exam,升官等與升資考試,技術類(選試航行安全與氣象概要)-花蓮,4,6,1,1,4,100,100,佐晉員
promotion_rank_exam,升官等與升資考試,技術類(選試航行安全與氣象概要)-高雄,4,6,1,1,4,100,100,佐晉員
promotion_rank_exam,升官等與升資考試,技術類(選試輪機工程概要)-基隆,4,6,1,1,4,100,100,佐晉員
promotion_rank_exam,升官等與升資考試,技術類(選試輪機工程概要)-臺中,4,6,1,1,4,100,100,佐晉員
promotion_rank_exam,升官等與升資考試,技術類(選試輪機工程概要)-高雄,4,6,1,1,4,100,100,佐晉員
promotion_rank_exam,升官等與升資考試,技術類(選試輪機管理與安全概要)-基隆,4,6,1,1,4,100,100,佐晉員
promotion_rank_exam,升官等與升資考試,技術類(選試輪機管理與安全概要)-臺灣港務公司,4,6,1,1,4,110,110,交通事業港務人員佐級晉員級
promotion_rank_exam,升官等與升資考試,技術類(選試輪機管理與安全概要)-花蓮,4,6,1,1,4,100,100,佐晉員
promotion_rank_exam,升官等與升資考試,技術類(選試輪機管理與安全概要)-高雄,4,6,1,1,4,100,100,佐晉員
promotion_rank_exam,升官等與升資考試,技術類(選試輪機維修大意),3,6,1,1,3,102,102,士級晉佐級
promotion_rank_exam,升官等與升資考試,技術類(選試電機機械概要)-基隆,4,6,1,1,4,100,100,佐晉員
promotion_rank_exam,升官等與升資考試,技術類(選試電機機械概要)-臺中,4,6,1,1,4,100,100,佐晉員
promotion_rank_exam,升官等與升資考試,技術類(選試電機機械概要)-航港局,4,6,1,1,4,106,106,交通事業港務人員佐級晉員級
promotion_rank_exam,升官等與升資考試,技術類(選試電機機械概要)-高雄,4,6,1,1,4,100,100,佐晉員
promotion_rank_exam,升官等與升資考試,技術類(選試電路學大意),3,6,1,1,3,102,102,士級晉佐級
promotion_rank_exam,升官等與升資考試,技術類(選試電路學概要)-公總,4,6,1,1,4,104,104,公路佐級晉員級
promotion_rank_exam,升官等與升資考試,技術類(選試電路學概要)-公路,4,6,1,1,4,100,100,佐晉員
promotion_rank_exam,升官等與升資考試,技術類(電機機械概要)-港務,4,6,1,1,4,104,104,港務佐級晉員級
promotion_rank_exam,升官等與升資考試,技術類(電機機械概要)-航港局,4,6,1,1,4,104,104,港務佐級晉員級
promotion_rank_exam,升官等與升資考試,技術類(公路工程大意)-公總,3,5,1,1,3,104,104,公路士級晉佐級
promotion_rank_exam,升官等與升資考試,技術類(土木施工法大意)-港務,3,5,1,1,3,104,104,港務士級晉佐級
promotion_rank_exam,升官等與升資考試,技術類(機具維修與..)-港務,3,5,1,1,3,104,104,港務士級晉佐級
promotion_rank_exam,升官等與升資考試,技術類(機具維修與..)-航港,3,5,1,1,3,104,104,港務士級晉佐級
promotion_rank_exam,升官等與升資考試,技術類(機械原理大意)-公總,3,5,1,1,3,104,104,公路士級晉佐級
promotion_rank_exam,升官等與升資考試,技術類(機械原理大意)-港務,3,5,1,1,3,104,104,港務士級晉佐級
promotion_rank_exam,升官等與升資考試,技術類(輪機維修大意)-港務,3,5,1,1,3,104,104,港務士級晉佐級
promotion_rank_exam,升官等與升資考試,技術類(選試公路工程大意)-公路,3,5,1,1,3,100,100,士晉佐
promotion_rank_exam,升官等與升資考試,技術類(選試土木施工法大意)-基隆,3,5,1,1,3,100,100,士晉佐
promotion_rank_exam,升官等與升資考試,技術類(選試土木施工法大意)-高雄,3,5,1,1,3,100,100,士晉佐
promotion_rank_exam,升官等與升資考試,技術類(選試機具維修與作業安全)-基隆,3,5,1,1,3,100,100,士晉佐
promotion_rank_exam,升官等與升資考試,技術類(選試機具維修與作業安全)-臺中,3,5,1,1,3,100,100,士晉佐
promotion_rank_exam,升官等與升資考試,技術類(選試機具維修與作業安全)-高雄,3,5,1,1,3,100,100,士晉佐
promotion_rank_exam,升官等與升資考試,技術類(選試機械原理大意)-公路,3,5,1,1,3,100,100,士晉佐
promotion_rank_exam,升官等與升資考試,技術類(選試機械原理大意)-基隆,3,5,1,1,3,100,100,士晉佐
promotion_rank_exam,升官等與升資考試,技術類(選試機械原理大意)-臺中,3,5,1,1,3,100,100,士晉佐
promotion_rank_exam,升官等與升資考試,技術類(選試機械原理大意)-高公局,3,5,1,1,3,100,100,士晉佐
promotion_rank_exam,升官等與升資考試,技術類(選試機械原理大意)-高雄,3,5,1,1,3,100,100,士晉佐
promotion_rank_exam,升官等與升資考試,技術類(選試機械設計學研究),4,5,1,1,4,106,106,關務人員升官等簡任
promotion_rank_exam,升官等與升資考試,技術類(選試系統分析研究),4,5,1,1,4,106,106,關務人員升官等簡任
promotion_rank_exam,升官等與升資考試,技術類(選試紡織品檢驗及品質管制學研究),4,5,1,1,4,106,106,關務人員升官等簡任
promotion_rank_exam,升官等與升資考試,技術類(選試航海學大意)-臺中,3,5,1,1,3,100,100,士晉佐
promotion_rank_exam,升官等與升資考試,技術類(選試航海學大意)-花蓮,3,5,1,1,3,100,100,士晉佐
promotion_rank_exam,升官等與升資考試,技術類(選試航海學大意)-高雄,3,5,1,1,3,100,100,士晉佐
promotion_rank_exam,升官等與升資考試,技術類(選試航行安全與氣象大意)-基隆,3,5,1,1,3,100,100,士晉佐
promotion_rank_exam,升官等與升資考試,技術類(選試航行安全與氣象大意)-臺中,3,5,1,1,3,100,100,士晉佐
promotion_rank_exam,升官等與升資考試,技術類(選試航行安全與氣象大意)-臺灣港務公司,3,5,1,1,3,106,106,交通事業港務人員士級晉佐級
promotion_rank_exam,升官等與升資考試,技術類(選試航行安全與氣象大意)-高雄,3,5,1,1,3,100,100,士晉佐
promotion_rank_exam,升官等與升資考試,技術類(選試輪機管理安全大意)-臺中,3,5,1,1,3,100,100,士晉佐
promotion_rank_exam,升官等與升資考試,技術類(選試輪機管理與安全大意)-基隆,3,5,1,1,3,100,100,士晉佐
promotion_rank_exam,升官等與升資考試,技術類(選試輪機管理與安全大意)-高雄,3,5,1,1,3,100,100,士晉佐
promotion_rank_exam,升官等與升資考試,技術類(選試輪機維修大意)-基隆,3,5,1,1,3,100,100,士晉佐
promotion_rank_exam,升官等與升資考試,技術類(選試輪機維修大意)-臺中,3,5,1,1,3,100,100,士晉佐
promotion_rank_exam,升官等與升資考試,技術類(選試電工原理大意)-基隆,3,5,1,1,3,100,100,士晉佐
promotion_rank_exam,升官等與升資考試,技術類(選試電工原理大意)-高雄,3,5,1,1,3,100,100,士晉佐
promotion_rank_exam,升官等與升資考試,技術類(選試電路學大意)-公路,3,5,1,1,3,100,100,士晉佐
promotion_rank_exam,升官等與升資考試,技術類（船舶管理及安全研究）,4,5,1,1,4,100,100,簡任
promotion_rank_exam,升官等與升資考試,生物技術,4,5,1,1,4,104,104,公務簡任
promotion_rank_exam,升官等與升資考試,農畜水產品檢驗,4,5,1,1,4,108,108,公務人員升官等公務簡任
